Binder Name,Binder Type,Name,Set code,Set name,Collector number,Foil,Rarity,Quantity,ManaBox ID,Scryfall ID,Purchase price,Misprint,Altered,Condition,Language,Purchase price currency,Added
strixhaven,binder,Spell Pierce,SOA,Secrets of Strixhaven Mystical Archive,23,foil,uncommon,1,112504,bc8f80e2-dd9d-4abc-b44c-fbef4d403e6f,0.58,false,false,near_mint,en,EUR,2026-05-10T13:01:43.039Z
strixhaven,binder,Duty Beyond Death,SOA,Secrets of Strixhaven Mystical Archive,4,normal,uncommon,1,111803,6f8f8183-d17a-41b8-b3b5-914f193fd964,0.1,false,false,near_mint,en,EUR,2026-05-10T13:01:43.040Z
strixhaven,binder,Stargaze,SOA,Secrets of Strixhaven Mystical Archive,34,foil,uncommon,1,112445,5c9caa7b-0268-4606-a71d-82dff16e6418,0.31,false,false,near_mint,en,EUR,2026-05-10T13:01:43.041Z
strixhaven,binder,Requisition Raid,SOA,Secrets of Strixhaven Mystical Archive,10,foil,uncommon,1,112457,6d9efae9-365d-46c8-be92-d4a3038f0414,0.05,false,false,near_mint,en,EUR,2026-05-10T13:01:43.042Z
strixhaven,binder,Deduce,SOA,Secrets of Strixhaven Mystical Archive,16,normal,uncommon,1,111808,a6813cd2-7151-459a-a2f1-52808584de53,0.05,false,false,near_mint,en,EUR,2026-05-10T13:01:43.043Z
strixhaven,binder,Culling Ritual,SOA,Secrets of Strixhaven Mystical Archive,62,foil,rare,1,112581,2bcd7858-7ae6-4419-bc58-a5c133c97577,2.07,false,false,near_mint,en,EUR,2026-05-10T13:01:43.044Z
strixhaven,binder,Disdainful Stroke,SOA,Secrets of Strixhaven Mystical Archive,17,normal,uncommon,1,111792,3a057032-6ece-4aa7-8e99-df2a07359b2b,0.08,false,false,near_mint,en,EUR,2026-05-10T13:01:43.045Z
strixhaven,binder,Spectacular Skywhale,SOS,Secrets of Strixhaven,229,foil,uncommon,1,112267,c90366d5-b4ba-4772-a3c5-f138bbe7f305,0.16,false,false,near_mint,en,EUR,2026-05-10T13:01:43.046Z
strixhaven,binder,Ambitious Augmenter,SOS,Secrets of Strixhaven,337,normal,rare,1,112317,0319c982-e257-42fc-bb85-79da3a6dd6c1,0.06,false,false,near_mint,en,EUR,2026-05-10T13:01:43.047Z
strixhaven,binder,Eccentric Pestfinder // Turn Stones,SOC,Secrets of Strixhaven Commander,94,normal,rare,1,112269,d9e6b777-e0f6-47e1-808e-81850039d891,0.33,false,false,near_mint,en,EUR,2026-05-10T13:01:43.048Z
strixhaven,binder,Exhibition Tidecaller,SOS,Secrets of Strixhaven,316,normal,rare,1,111699,44304d28-94da-4226-b713-b2c3a4b67e49,1.43,false,false,near_mint,en,EUR,2026-05-10T13:01:43.049Z
strixhaven,binder,Slumbering Trudge,SOS,Secrets of Strixhaven,160,foil,rare,1,112335,3a925370-58ac-4181-9acc-db7b0e0abf17,0.09,false,false,near_mint,en,EUR,2026-05-10T13:01:43.050Z
strixhaven,binder,Moment of Reckoning,SOS,Secrets of Strixhaven,205,foil,rare,1,112345,577d9dc8-7720-4dc9-b650-64b4729b309b,0.02,false,false,near_mint,en,EUR,2026-05-10T13:01:43.051Z
strixhaven,binder,Expansion Algorithm,SOC,Secrets of Strixhaven Commander,69,normal,rare,1,112214,06147ee1-0fe8-4daf-962a-317dc908add5,2.22,false,false,near_mint,en,EUR,2026-05-10T13:01:43.052Z
strixhaven,binder,Vastlands Scavenger // Bind to Life,SOS,Secrets of Strixhaven,166,foil,rare,1,112607,476b6a4d-cc05-4e98-8a45-a5c6582ec514,0.59,false,false,near_mint,en,EUR,2026-05-10T13:01:43.053Z
strixhaven,binder,Stensian Sanguinist // Exsanguinate,SOC,Secrets of Strixhaven Commander,78,normal,rare,1,112239,66d88104-c69d-4349-a4ae-4a3d855a3536,6.19,false,false,near_mint,en,EUR,2026-05-10T13:01:43.054Z
strixhaven,binder,"Aziza, Mage Tower Captain",SOS,Secrets of Strixhaven,174,foil,rare,1,112354,6261e89a-dbf1-481a-823e-6bb00be57195,0.02,false,false,near_mint,en,EUR,2026-05-10T13:18:56.082Z
strixhaven,binder,"Primo, the Unbounded",SOC,Secrets of Strixhaven Commander,6,normal,mythic,1,112060,a2d14b99-15e2-4e96-89a2-7e0ee5dc059f,0.54,false,false,near_mint,en,EUR,2026-05-10T13:18:56.083Z
strixhaven,binder,Swamp,SOS,Secrets of Strixhaven,269,foil,common,3,111786,1797d5c7-d3fa-4184-85ae-46db14ddf523,0.37,false,false,near_mint,en,EUR,2026-05-10T13:18:56.084Z
strixhaven,binder,Titan's Grave,SOS,Secrets of Strixhaven,266,foil,common,3,112068,a9ab41c8-3ee2-4676-9b8b-20c34d9f5f21,0.17,false,false,near_mint,en,EUR,2026-05-10T13:18:56.085Z
strixhaven,binder,Plains,SOS,Secrets of Strixhaven,267,foil,common,3,111731,a845de50-4af0-4f4a-9c2a-db587973571c,0.38,false,false,near_mint,en,EUR,2026-05-10T13:18:56.086Z
strixhaven,binder,Mana Sculpt,SOS,Secrets of Strixhaven,319,normal,rare,1,112278,fc6f7f7b-8a1e-4fe0-8a56-22c1c537aad9,2.0,false,false,near_mint,en,EUR,2026-05-10T13:18:56.087Z
strixhaven,binder,Herald of Amity,SOC,Secrets of Strixhaven Commander,65,normal,rare,1,112224,340d2dc1-645e-4574-a5dd-1306833c744f,0.02,false,false,near_mint,en,EUR,2026-05-10T13:18:56.088Z
strixhaven,binder,Stirring Hopesinger,SOS,Secrets of Strixhaven,35,foil,rare,1,112425,21375667-b318-47f8-a482-9c8c2b5b14c0,0.14,false,false,near_mint,en,EUR,2026-05-10T13:18:56.089Z
strixhaven,binder,Maelstrom Artisan // Rocket Volley,SOS,Secrets of Strixhaven,122,foil,rare,2,112237,5c88391d-271f-4021-a5d9-158ebc1e6357,0.02,false,false,near_mint,en,EUR,2026-05-10T13:18:56.090Z
strixhaven,binder,Fields of Strife,SOS,Secrets of Strixhaven,255,foil,common,1,111906,3dc7a4c3-c356-4fba-bea0-e8788da3eb57,0.06,false,false,near_mint,en,EUR,2026-05-10T13:18:56.091Z
strixhaven,binder,Coastal Peak,SOC,Secrets of Strixhaven Commander,52,normal,rare,1,112065,a8af6ded-de96-4095-8a5b-9f1c79adea1a,0.14,false,false,near_mint,en,EUR,2026-05-10T13:18:56.092Z
strixhaven,binder,Dreamroot Cascade,SOS,Secrets of Strixhaven,302,foil,rare,1,111737,bb911ec9-4354-46af-8750-6920555eb1e7,1.89,false,false,near_mint,en,EUR,2026-05-10T13:18:56.093Z
strixhaven,binder,Emeritus of Abundance // Regrowth,SOS,Secrets of Strixhaven,145,foil,mythic,1,112380,ac095763-6f4e-4d4e-9c99-414646368f8d,4.56,false,false,near_mint,en,EUR,2026-05-10T13:18:56.094Z
strixhaven,binder,Scheming Silvertongue // Sign in Blood,SOS,Secrets of Strixhaven,99,foil,rare,1,112541,fe85a124-0d8b-4a29-8df1-65888a39147f,1.08,false,false,near_mint,en,EUR,2026-05-10T13:18:56.095Z
strixhaven,binder,Stirring Hopesinger,SOS,Secrets of Strixhaven,314,normal,rare,1,112438,47eba7ac-d01c-4d17-a191-c6869cc5c3d2,0.66,false,false,near_mint,en,EUR,2026-05-10T13:18:56.096Z
strixhaven,binder,Vanguard of the Restless,SOC,Secrets of Strixhaven Commander,66,normal,rare,1,112263,c0ae86e9-d1c5-4e89-aceb-d48ace0adfea,0.33,false,false,near_mint,en,EUR,2026-05-10T13:18:56.097Z
strixhaven,binder,Antiquities on the Loose,SOS,Secrets of Strixhaven,308,normal,rare,1,112408,fbeda63a-ce34-4d84-8306-cb48353a52f8,0.39,false,false,near_mint,en,EUR,2026-05-10T13:18:56.098Z
strixhaven,binder,Tragedy Feaster,SOS,Secrets of Strixhaven,293,foil,rare,1,112494,ae9009fa-4b52-422d-8ff3-f699089249d8,1.57,false,false,near_mint,en,EUR,2026-05-10T13:18:56.099Z
strixhaven,binder,Restoration Seminar,SOS,Secrets of Strixhaven,30,foil,mythic,1,112297,9ebc4ecf-2fa2-4ab8-afde-3b91cf5eadb6,2.33,false,false,near_mint,en,EUR,2026-05-10T13:18:56.101Z
strixhaven,binder,Armageddon,SOA,Secrets of Strixhaven Mystical Archive,3,normal,mythic,1,112435,41954132-2c71-4b3a-8893-20e0df68a848,4.85,false,false,near_mint,en,EUR,2026-05-10T13:18:56.104Z
strixhaven,binder,Living End,SOA,Secrets of Strixhaven Mystical Archive,30,foil,mythic,1,112464,77cf5316-a0bf-4dbc-a388-01d6825c85b1,4.25,false,false,near_mint,en,EUR,2026-05-10T13:18:56.105Z
strixhaven,binder,Grave Researcher // Reanimate,SOS,Secrets of Strixhaven,325,foil,rare,1,111689,1d12804c-dda0-4dae-9eb8-f670e72c17e7,8.52,false,false,near_mint,en,EUR,2026-05-10T13:18:56.107Z
strixhaven,binder,Winds of Abandon,SOA,Secrets of Strixhaven Mystical Archive,77,normal,mythic,1,112546,58d879ad-8b06-4569-b3af-a280e60e4e8f,10.9,false,false,near_mint,en,EUR,2026-05-10T13:18:56.108Z
strixhaven,binder,Emeritus of Truce // Swords to Plowshares,SOS,Secrets of Strixhaven,309,foil,mythic,1,112508,bfd607c0-7ed7-4a4e-abdd-508080f40ef2,9.73,false,false,near_mint,en,EUR,2026-05-10T13:18:56.109Z
strixhaven,binder,Brotherhood's End,SOA,Secrets of Strixhaven Mystical Archive,104,normal,rare,1,112433,3c100b73-ce54-4022-9d42-2277089c5032,1.24,false,false,near_mint,en,EUR,2026-05-10T13:18:56.110Z
strixhaven,binder,Feed the Swarm,SOA,Secrets of Strixhaven Mystical Archive,94,normal,uncommon,1,112458,712c609e-5989-4e38-898f-83e0a913c977,0.97,false,false,near_mint,en,EUR,2026-05-10T13:18:56.111Z
strixhaven,binder,Brotherhood's End,SOA,Secrets of Strixhaven Mystical Archive,169,foil,rare,1,112461,75712beb-f8b9-4f77-8d57-5276a12149cf,11.47,false,false,near_mint,en,EUR,2026-05-10T13:18:56.112Z
strixhaven,binder,Monstrous Rage,SOA,Secrets of Strixhaven Mystical Archive,110,normal,uncommon,1,112512,c4eb2c2c-ea5b-416d-be6e-ded50021e2e2,0.32,false,false,near_mint,en,EUR,2026-05-10T13:18:56.113Z
strixhaven,binder,Crop Rotation,SOA,Secrets of Strixhaven Mystical Archive,51,normal,rare,1,112523,d5d50e02-80c8-4b7d-9f51-7f1d79f9f263,2.33,false,false,near_mint,en,EUR,2026-05-10T13:18:56.115Z
strixhaven,binder,Bulk Up,SOA,Secrets of Strixhaven Mystical Archive,105,normal,uncommon,2,112431,39d337d2-d8c9-4e9a-9531-cfe4db769cb3,0.29,false,false,near_mint,en,EUR,2026-05-10T13:18:56.118Z
strixhaven,binder,Stormcarved Coast,SOS,Secrets of Strixhaven,304,normal,rare,1,111791,36f6c636-3539-494f-abf9-62ea00fcedfd,2.06,false,false,near_mint,en,EUR,2026-05-10T13:18:56.119Z
strixhaven,binder,Deduce,SOA,Secrets of Strixhaven Mystical Archive,81,normal,uncommon,1,111799,5a8c7ae4-186b-45c5-a7b0-4b7eaf5b0f42,0.29,false,false,near_mint,en,EUR,2026-05-10T13:18:56.120Z
strixhaven,binder,Echocasting Symposium,SOS,Secrets of Strixhaven,291,normal,mythic,1,112362,72a21e89-5988-4b8b-8e67-a915e74a54e2,3.41,false,false,near_mint,en,EUR,2026-05-10T13:18:56.121Z
strixhaven,binder,Pick Your Poison,SOA,Secrets of Strixhaven Mystical Archive,185,foil,uncommon,1,112462,7584e3e3-8786-408f-b3f5-9a9cdfe0f8a1,7.03,false,false,near_mint,en,EUR,2026-05-10T13:18:56.123Z
strixhaven,binder,Zaffai and the Tempests,SOS,Secrets of Strixhaven,246,foil,rare,1,112236,5bdbf507-6fd7-49f6-b437-8f2ce2d0eb0f,0.02,false,false,near_mint,en,EUR,2026-05-10T13:18:56.124Z
strixhaven,binder,Applied Geometry,SOS,Secrets of Strixhaven,343,foil,rare,1,112318,03b07915-1d88-4f11-ad35-a0cd849de977,0.33,false,false,near_mint,en,EUR,2026-05-10T13:18:56.125Z
strixhaven,binder,Leitmotif Composer,SOC,Secrets of Strixhaven Commander,70,normal,rare,1,112280,04c9c969-4f63-4c16-a1e9-c9a9e05488b1,0.2,false,false,near_mint,en,EUR,2026-05-10T13:18:56.126Z
strixhaven,binder,Choreographed Sparks,SOS,Secrets of Strixhaven,331,foil,rare,1,112676,bc3151db-7d49-4945-9c50-91f0e28f803d,0.12,false,false,near_mint,en,EUR,2026-05-10T13:18:56.127Z
strixhaven,binder,Molten-Core Maestro,SOS,Secrets of Strixhaven,335,normal,rare,1,111743,cb23a7c0-126a-4ed9-b46d-11cfe371c381,0.89,false,false,near_mint,en,EUR,2026-05-10T13:18:56.128Z
strixhaven,binder,Magmablood Archaic,SOS,Secrets of Strixhaven,295,normal,rare,1,112429,30f2d6a5-1e21-4d12-bd51-6e40683b0e72,0.19,false,false,near_mint,en,EUR,2026-05-10T13:18:56.129Z
strixhaven,binder,Harmonized Trio // Brainstorm,SOS,Secrets of Strixhaven,317,normal,rare,1,112392,c8f1baae-dd81-4e10-841e-15531ea1ffaa,0.82,false,false,near_mint,en,EUR,2026-05-10T13:18:56.130Z
strixhaven,binder,Prismari Pianist,SOC,Secrets of Strixhaven Commander,82,normal,rare,2,112240,6d3bfd1b-8ea8-43ad-8785-af29c807c935,0.23,false,false,near_mint,en,EUR,2026-05-10T13:18:56.131Z
strixhaven,binder,Bulk Up,SOA,Secrets of Strixhaven Mystical Archive,40,normal,uncommon,1,112533,e86fcad5-8150-4a76-b27e-47a9f05745c1,0.02,false,false,near_mint,en,EUR,2026-05-10T13:18:56.132Z
strixhaven,binder,Return the Favor,SOA,Secrets of Strixhaven Mystical Archive,47,foil,uncommon,1,112535,e968efff-635b-4780-9bbe-099e75a1841b,0.33,false,false,near_mint,en,EUR,2026-05-10T13:18:56.133Z
strixhaven,binder,Big Score,SOA,Secrets of Strixhaven Mystical Archive,38,normal,rare,1,112390,c7b698a1-dff1-413f-ba4f-0298c686999a,0.82,false,false,near_mint,en,EUR,2026-05-10T13:18:56.136Z
strixhaven,binder,Defiling Daemogoth,SOC,Secrets of Strixhaven Commander,75,normal,rare,1,112229,4952c511-c4ca-42e6-a2b5-bd6dae8549be,1.1,false,false,near_mint,en,EUR,2026-05-10T13:20:20.836Z
strixhaven,binder,Cauldron of Essence,SOS,Secrets of Strixhaven,347,normal,rare,2,112649,96c53f07-b34c-4cc7-a054-f0bdfa48b975,5.4,false,false,near_mint,en,EUR,2026-05-10T13:21:15.296Z
strixhaven,binder,Maelstrom Artisan // Rocket Volley,SOS,Secrets of Strixhaven,122,normal,rare,1,112237,5c88391d-271f-4021-a5d9-158ebc1e6357,0.02,false,false,near_mint,en,EUR,2026-05-10T13:21:41.666Z
strixhaven,binder,Knockout Maneuver,SOA,Secrets of Strixhaven Mystical Archive,54,normal,uncommon,1,112436,42d90959-b88c-4321-b2af-78ac7aab9909,0.07,false,false,near_mint,en,EUR,2026-05-10T13:23:12.030Z
strixhaven,binder,Forest,SOS,Secrets of Strixhaven,271,normal,common,3,111795,46196e8f-9339-4f00-b9cf-cab8f9abc80e,0.48,false,false,near_mint,en,EUR,2026-05-10T13:24:58.239Z
strixhaven,binder,Winds of Abandon,SOA,Secrets of Strixhaven Mystical Archive,142,foil,mythic,1,112427,2b9cc977-6cb0-4a69-adb6-212e4fd81c58,30.04,false,false,near_mint,ja,EUR,2026-05-10T13:26:23.421Z
strixhaven,binder,Mountain,SOS,Secrets of Strixhaven,270,foil,common,3,111710,6af1f1db-eb91-4297-83f6-9318b87fd220,0.33,false,false,near_mint,en,EUR,2026-05-10T13:44:07.199Z
strixhaven,binder,Island,SOS,Secrets of Strixhaven,268,foil,common,3,111726,937250fe-bcad-4ff8-9406-286a69db7e0a,0.33,false,false,near_mint,en,EUR,2026-05-10T13:44:40.848Z
strixhaven,binder,Wildgrowth Archaic,SOS,Secrets of Strixhaven,168,foil,rare,2,112417,0e6e2188-7203-4d10-a838-27233f283cd5,0.2,false,false,near_mint,en,EUR,2026-05-10T13:45:20.575Z
strixhaven,binder,Kinetic Ooze,SOC,Secrets of Strixhaven Commander,87,normal,rare,1,112231,543877dd-c685-46a0-b3e8-db89090c7e31,0.42,false,false,near_mint,en,EUR,2026-05-10T13:45:48.687Z
strixhaven,binder,Ark of Hunger,SOS,Secrets of Strixhaven,344,normal,rare,1,112309,33669848-23ce-4738-9401-469b03f0fd6e,2.12,false,false,near_mint,en,EUR,2026-05-10T13:46:09.938Z
strixhaven,binder,"Blech, Loafing Pest",SOS,Secrets of Strixhaven,176,foil,rare,1,112713,f588fa50-7cc5-41ba-90df-2d252eb5c785,0.44,false,false,near_mint,en,EUR,2026-05-21T16:40:21.093Z
strixhaven,binder,Relic Retriever,SOC,Secrets of Strixhaven Commander,83,normal,rare,1,112219,2866da1d-62e9-4a0d-9e6c-793d2d38c884,0.37,false,false,near_mint,en,EUR,2026-05-21T16:40:21.094Z
strixhaven,binder,Resonating Lute,SOS,Secrets of Strixhaven,221,foil,rare,2,112241,6ef168d6-28f2-4c24-9bfa-82c35663b729,3.93,false,false,near_mint,en,EUR,2026-05-21T16:40:21.095Z
strixhaven,binder,Sol Ring,SOC,Secrets of Strixhaven Commander,427,foil,mythic,1,110973,9ef06694-e05d-4e96-a588-bd276447dcf8,18.84,false,false,near_mint,en,EUR,2026-05-21T16:41:33.586Z
strixhaven,binder,Talisman of Resilience,SOC,Secrets of Strixhaven Commander,432,foil,mythic,1,110978,b37ba764-8dae-4be1-9939-969067d215af,12.08,false,false,near_mint,en,EUR,2026-05-21T16:43:00.234Z
strixhaven,binder,Emeritus of Abundance // Regrowth,SOS,Secrets of Strixhaven,339,normal,mythic,1,112329,2b7e8e07-b3ff-496e-923f-42d703f20a1e,6.91,false,false,near_mint,en,EUR,2026-05-21T17:03:24.943Z
strixhaven,binder,Stargaze,SOA,Secrets of Strixhaven Mystical Archive,99,normal,uncommon,3,112500,b62a8648-7f34-454d-b9e2-cc0d0d976c82,0.33,false,false,near_mint,en,EUR,2026-05-21T17:03:47.514Z
strixhaven,binder,"Jadzi, Steward of Fate // Oracle's Gift",SOS,Secrets of Strixhaven,318,normal,rare,1,112368,92fcf155-41ae-4275-8791-27ee95a2f7c0,0.02,false,false,near_mint,en,EUR,2026-05-21T17:09:43.879Z
strixhaven,binder,Matterbending Mage,SOS,Secrets of Strixhaven,59,normal,uncommon,1,112606,460c6afd-cddf-4fea-925f-b27517ff250a,0.06,false,false,near_mint,en,EUR,2026-06-02T08:43:51.121Z
strixhaven,binder,Adventurous Eater // Have a Bite,SOS,Secrets of Strixhaven,72,normal,common,1,112694,d40cc7da-c731-418e-8547-7033d1939450,0.04,false,false,near_mint,en,EUR,2026-06-02T08:43:51.118Z
strixhaven,binder,"Abigale, Poet Laureate // Heroic Stanza",SOS,Secrets of Strixhaven,170,normal,uncommon,1,111717,77285d12-e658-4eb3-ba13-ff202afab9c8,0.1,false,false,near_mint,en,EUR,2026-06-02T08:43:51.116Z
strixhaven,binder,Quandrix Charm,SOS,Secrets of Strixhaven,217,normal,uncommon,1,111696,318486e0-f255-40f5-8150-dc272eec9d7d,0.17,false,false,near_mint,en,EUR,2026-06-02T08:43:51.115Z
strixhaven,binder,Tablet of Discovery,SOS,Secrets of Strixhaven,132,normal,uncommon,1,112565,13059664-a940-4a66-8100-0c90b884bab4,0.3,false,false,near_mint,en,EUR,2026-06-02T08:43:51.114Z
strixhaven,binder,Practiced Scrollsmith,SOS,Secrets of Strixhaven,210,normal,uncommon,1,112289,40075e3f-58b3-47fd-8fbe-4b301e9ce7a1,0.13,false,false,near_mint,en,EUR,2026-06-02T08:43:51.112Z
strixhaven,binder,"Arnyn, Deathbloom Botanist",SOS,Secrets of Strixhaven,74,normal,uncommon,1,112621,6168b472-0930-4db5-9920-407340b99050,0.24,false,false,near_mint,en,EUR,2026-06-02T08:43:51.111Z
strixhaven,binder,Inkshape Demonstrator,SOS,Secrets of Strixhaven,21,normal,uncommon,1,112505,bcfac992-9984-4529-b9ff-a42d58832b34,0.06,false,false,near_mint,en,EUR,2026-06-02T08:43:51.107Z
strixhaven,binder,Muse Seeker,SOS,Secrets of Strixhaven,60,normal,uncommon,1,112243,71cb4a6b-b500-4b28-bcdb-ec4188242f39,0.13,false,false,near_mint,en,EUR,2026-06-02T08:43:51.106Z
strixhaven,binder,Spiritcall Enthusiast // Scrollboost,SOS,Secrets of Strixhaven,33,normal,uncommon,1,112300,c0b85569-2cb3-4b64-b0fe-418195c4dab0,0.13,false,false,near_mint,en,EUR,2026-06-02T08:43:51.105Z
strixhaven,binder,Teacher's Pest,SOS,Secrets of Strixhaven,238,normal,uncommon,1,112171,eaa358ac-761d-4507-aa15-3d4684027207,0.15,false,false,near_mint,en,EUR,2026-06-02T08:43:51.104Z
strixhaven,binder,Proctor's Gaze,SOS,Secrets of Strixhaven,213,foil,uncommon,1,112666,b127d543-0a90-4af6-9410-94d5cd30389e,0.09,false,false,near_mint,en,EUR,2026-06-02T08:43:51.103Z
strixhaven,binder,Pest Mascot,SOS,Secrets of Strixhaven,209,normal,common,1,111751,d882beb9-6766-4818-afbb-f6fd7a2d5b70,0.1,false,false,near_mint,en,EUR,2026-06-02T08:43:51.099Z
strixhaven,binder,Social Snub,SOS,Secrets of Strixhaven,228,normal,uncommon,1,112373,a04b6900-0436-4920-a0d4-c0186d605ae3,0.13,false,false,near_mint,en,EUR,2026-06-02T08:43:51.097Z
strixhaven,binder,Fractalize,SOS,Secrets of Strixhaven,51,normal,uncommon,1,112399,e3c3b19b-01b6-4f5a-b428-513b778c5d89,0.08,false,false,near_mint,en,EUR,2026-06-02T08:43:51.096Z
strixhaven,binder,Thornfist Striker,SOS,Secrets of Strixhaven,164,normal,uncommon,1,112717,f6cb838e-a06a-46ae-a30f-e5192178c1cc,0.09,false,false,near_mint,en,EUR,2026-06-02T08:43:51.095Z
strixhaven,binder,Arcane Omens,SOS,Secrets of Strixhaven,73,foil,uncommon,2,111654,d357d997-9d4e-4ade-81f2-37629853f13a,0.14,false,false,near_mint,en,EUR,2026-06-02T08:43:51.094Z
strixhaven,binder,"Tam, Observant Sequencer // Deep Sight",SOS,Secrets of Strixhaven,237,foil,uncommon,1,111713,7120e71b-2976-451b-89a7-a1665dc6fb6b,0.24,false,false,near_mint,en,EUR,2026-06-02T08:43:51.093Z
strixhaven,binder,End of the Hunt,SOS,Secrets of Strixhaven,81,normal,uncommon,1,112320,0809b51a-6a05-4f18-9bf4-1b8382da648f,0.14,false,false,near_mint,en,EUR,2026-06-02T08:43:51.092Z
strixhaven,binder,Foolish Fate,SOS,Secrets of Strixhaven,83,foil,uncommon,1,112693,d278f4c9-d20b-4a76-8c5c-4d3e985948b9,0.13,false,false,near_mint,en,EUR,2026-06-02T08:43:51.091Z
strixhaven,binder,Stirring Honormancer,SOS,Secrets of Strixhaven,234,foil,uncommon,1,112709,ee84b04d-78fc-416f-9166-72e5417c3e17,0.06,false,false,near_mint,en,EUR,2026-06-02T08:43:51.090Z
strixhaven,binder,Brush Off,SOS,Secrets of Strixhaven,39,foil,uncommon,1,112323,151eab82-d20f-433b-b3bb-1d44e2871d5c,0.15,false,false,near_mint,en,EUR,2026-06-02T08:43:51.089Z
strixhaven,binder,Fractal Tender,SOS,Secrets of Strixhaven,190,foil,uncommon,1,112314,ea7f5262-4ddb-410a-be72-4bac6af9b4ec,0.14,false,false,near_mint,en,EUR,2026-06-02T08:43:51.088Z
strixhaven,binder,Fractalize,SOS,Secrets of Strixhaven,51,foil,uncommon,1,112399,e3c3b19b-01b6-4f5a-b428-513b778c5d89,0.11,false,false,near_mint,en,EUR,2026-06-02T08:43:51.087Z
strixhaven,binder,Eternal Student,SOS,Secrets of Strixhaven,82,foil,uncommon,1,112720,f97fac69-3e77-4150-9702-cc726daa6d21,0.07,false,false,near_mint,en,EUR,2026-06-02T08:43:51.086Z
strixhaven,binder,Lorehold Charm,SOS,Secrets of Strixhaven,200,foil,uncommon,1,111656,5fe70295-e550-4577-a341-dab6c25aabfd,0.37,false,false,near_mint,en,EUR,2026-06-02T08:43:51.085Z
strixhaven,binder,Soaring Stoneglider,SOS,Secrets of Strixhaven,32,foil,uncommon,1,112584,2fbe446b-60fd-43da-8358-985392293af8,0.11,false,false,near_mint,en,EUR,2026-06-02T08:43:51.084Z
strixhaven,binder,Cheerful Osteomancer // Raise Dead,SOS,Secrets of Strixhaven,76,foil,common,1,112596,3c34660c-25e3-4ff5-9b2b-5554ded2bcc3,0.12,false,false,near_mint,en,EUR,2026-06-02T08:43:51.082Z
strixhaven,binder,Muse Seeker,SOS,Secrets of Strixhaven,60,foil,uncommon,1,112243,71cb4a6b-b500-4b28-bcdb-ec4188242f39,0.25,false,false,near_mint,en,EUR,2026-06-02T08:43:51.080Z
strixhaven,binder,Rabid Attack,SOS,Secrets of Strixhaven,96,foil,uncommon,1,112714,f5e67560-3135-4b27-a344-5859edf8bcd9,0.28,false,false,near_mint,en,EUR,2026-06-02T08:43:51.078Z
strixhaven,binder,Topiary Lecturer,SOS,Secrets of Strixhaven,165,foil,uncommon,1,112611,4f16a1c2-0a80-45e4-b025-3aa0c0b03812,0.24,false,false,near_mint,en,EUR,2026-06-02T08:43:51.077Z
strixhaven,binder,Living History,SOS,Secrets of Strixhaven,121,foil,uncommon,2,112569,2028792c-fd60-40d4-bff7-3b82dbe1ffb5,0.09,false,false,near_mint,en,EUR,2026-06-02T08:43:51.076Z
strixhaven,binder,Impractical Joke,SOS,Secrets of Strixhaven,119,foil,uncommon,1,112334,39a816b4-39b8-421c-b828-68db901d34b7,0.24,false,false,near_mint,en,EUR,2026-06-02T08:43:51.074Z
strixhaven,binder,Spectacle Summit,SOS,Secrets of Strixhaven,262,foil,common,1,112055,a0a66f7b-eab4-45da-8895-c2c2c7eb05f8,0.1,false,false,near_mint,en,EUR,2026-06-02T08:43:51.073Z
strixhaven,binder,Adventurous Eater // Have a Bite,SOS,Secrets of Strixhaven,72,foil,common,2,112694,d40cc7da-c731-418e-8547-7033d1939450,0.05,false,false,near_mint,en,EUR,2026-06-02T08:43:51.072Z
strixhaven,binder,Deluge Virtuoso,SOS,Secrets of Strixhaven,42,foil,common,1,112222,2e3b16ed-8727-48fd-8b1f-c0cbd329385e,0.11,false,false,near_mint,en,EUR,2026-06-02T08:43:51.071Z
strixhaven,binder,Send in the Pest,SOS,Secrets of Strixhaven,100,foil,common,1,112576,283b508b-89f0-4c23-9686-b049e402b73c,0.15,false,false,near_mint,en,EUR,2026-06-02T08:43:51.070Z
strixhaven,binder,Embrace the Paradox,SOS,Secrets of Strixhaven,186,foil,common,1,112679,c0cf5e0f-3668-46f2-850d-d91a538e8ead,0.16,false,false,near_mint,en,EUR,2026-06-02T08:43:51.069Z
strixhaven,binder,Shopkeeper's Bane,SOS,Secrets of Strixhaven,159,foil,common,1,112651,97f7fbb9-228c-4a74-975b-38d3b6cecb32,0.19,false,false,near_mint,en,EUR,2026-06-02T08:43:51.066Z
strixhaven,binder,Eager Glyphmage,SOS,Secrets of Strixhaven,11,foil,common,1,112507,bf736de9-9bc4-49df-ae60-672ed4f83f32,0.08,false,false,near_mint,en,EUR,2026-06-02T08:43:51.065Z
strixhaven,binder,Elite Interceptor // Rejoinder,SOS,Secrets of Strixhaven,12,foil,common,1,112577,2970683e-e69c-42cb-a067-34abd56fb42b,0.23,false,false,near_mint,en,EUR,2026-06-02T08:43:51.063Z
strixhaven,binder,Expressive Firedancer,SOS,Secrets of Strixhaven,114,foil,common,1,112286,259b8c45-6241-4206-a34e-34c7f401f47b,0.13,false,false,near_mint,en,EUR,2026-06-02T08:43:51.061Z
strixhaven,binder,Fractal,TSOS,Secrets of Strixhaven Tokens,5,normal,common,1,112640,8b5f1fdb-04df-4224-acb4-7819c37565f5,,false,false,near_mint,en,EUR,2026-06-02T08:43:51.060Z
strixhaven,binder,Forest,SOS,Secrets of Strixhaven,271,foil,common,2,111795,46196e8f-9339-4f00-b9cf-cab8f9abc80e,0.74,false,false,near_mint,en,EUR,2026-06-02T08:43:51.059Z
strixhaven,binder,Copy,TSOS,Secrets of Strixhaven Tokens,1,foil,common,1,112610,4e119457-948d-4ef8-8c27-59fa675f766f,,false,false,near_mint,en,EUR,2026-06-02T08:43:51.058Z
strixhaven,binder,Honorbound Page // Forum's Favor,SOS,Secrets of Strixhaven,19,foil,common,1,112633,79a70863-860f-4a7b-9cb2-d3546b689d44,0.08,false,false,near_mint,en,EUR,2026-06-02T08:43:51.051Z
strixhaven,binder,Glorious Decay,SOS,Secrets of Strixhaven,150,foil,common,1,112657,a335f396-1004-4fee-842a-a35ff6ba17f2,0.09,false,false,near_mint,en,EUR,2026-06-02T08:43:51.050Z
strixhaven,binder,Interjection,SOS,Secrets of Strixhaven,22,foil,common,1,112560,0534cff6-299c-4155-b318-eb7581989e8a,0.08,false,false,near_mint,en,EUR,2026-06-02T08:43:51.047Z
strixhaven,binder,Tackle Artist,SOS,Secrets of Strixhaven,133,foil,common,1,112672,b87e2474-98c1-4c1a-91ed-340b72d31653,0.12,false,false,near_mint,en,EUR,2026-06-02T08:43:51.046Z
strixhaven,binder,Banishing Betrayal,SOS,Secrets of Strixhaven,38,foil,common,1,111688,1ae9d2f3-7a9f-433a-aa1f-14337ae6f9d4,0.21,false,false,near_mint,en,EUR,2026-06-02T08:43:51.045Z
strixhaven,binder,Zealous Lorecaster,SOS,Secrets of Strixhaven,137,foil,common,1,112590,36ab2130-9f21-4d30-873a-aa72d3d15fa8,0.04,false,false,near_mint,en,EUR,2026-06-02T08:43:51.044Z
strixhaven,binder,Chase Inspiration,SOS,Secrets of Strixhaven,41,foil,common,1,112562,06f9f257-c7ef-44b7-8b2b-f038fba900af,0.16,false,false,near_mint,en,EUR,2026-06-02T08:43:51.043Z
strixhaven,binder,Fractal Mascot,SOS,Secrets of Strixhaven,189,foil,common,1,111745,cf5b19e3-eed1-4b36-9756-660ffb3baa08,0.08,false,false,near_mint,en,EUR,2026-06-02T08:43:51.042Z
strixhaven,binder,Shattered Acolyte,SOS,Secrets of Strixhaven,31,foil,common,1,111659,dc0517ca-b271-49a1-a286-c20f4e5b9309,0.14,false,false,near_mint,en,EUR,2026-06-02T08:43:51.041Z
strixhaven,binder,Masterful Flourish,SOS,Secrets of Strixhaven,89,foil,common,1,112643,8d93d14d-7760-4af2-a237-2df326dd28d3,0.1,false,false,near_mint,en,EUR,2026-06-02T08:43:51.040Z
strixhaven,binder,Inkling Mascot,SOS,Secrets of Strixhaven,196,foil,common,1,111711,6d4a2f39-0e1e-4076-815a-2676a09a1aab,0.1,false,false,near_mint,en,EUR,2026-06-02T08:43:51.037Z
strixhaven,binder,Tenured Concocter,SOS,Secrets of Strixhaven,163,foil,common,1,112592,376c8b7d-1c90-47e1-bd01-e4c67f3fc4fc,0.04,false,false,near_mint,en,EUR,2026-06-02T08:43:51.035Z
strixhaven,binder,Oracle's Restoration,SOS,Secrets of Strixhaven,156,foil,common,1,111670,0863a19d-4511-4a78-98dd-d194afd1c39b,0.2,false,false,near_mint,en,EUR,2026-06-02T08:43:51.034Z
strixhaven,binder,Unsubtle Mockery,SOS,Secrets of Strixhaven,136,foil,common,1,112580,2b7cb1a3-761e-470e-a164-6e29dd9448cd,0.03,false,false,near_mint,en,EUR,2026-06-02T08:43:51.032Z
strixhaven,binder,Skycoach Waypoint,SOS,Secrets of Strixhaven,261,foil,uncommon,1,111708,6747657b-5ce4-4dbd-b924-ca1f7119faf7,0.12,false,false,near_mint,en,EUR,2026-06-02T08:43:51.031Z
strixhaven,binder,Tester of the Tangential,SOS,Secrets of Strixhaven,69,foil,uncommon,1,112386,bbd708ec-eef4-4f45-99dd-60e1cec4b991,0.08,false,false,near_mint,en,EUR,2026-06-02T08:43:51.030Z
strixhaven,binder,Pigment Wrangler // Striking Palette,SOS,Secrets of Strixhaven,126,foil,uncommon,1,112683,c2faf4cf-c4b6-4721-ac06-0e045dd9704a,0.08,false,false,near_mint,en,EUR,2026-06-02T08:43:51.029Z
strixhaven,binder,Thornfist Striker,SOS,Secrets of Strixhaven,164,foil,uncommon,1,112717,f6cb838e-a06a-46ae-a30f-e5192178c1cc,0.07,false,false,near_mint,en,EUR,2026-06-02T08:43:51.028Z
strixhaven,binder,Group Project,SOS,Secrets of Strixhaven,17,foil,uncommon,1,112305,e8abc1eb-6225-4b18-8502-b5324b818aed,0.21,false,false,near_mint,en,EUR,2026-06-02T08:43:51.027Z
strixhaven,binder,Environmental Scientist,SOS,Secrets of Strixhaven,147,foil,uncommon,1,112403,f2bf6b36-43e4-49d9-98b2-cbb4304c248b,0.15,false,false,near_mint,en,EUR,2026-06-02T08:43:51.026Z
strixhaven,binder,Wander Off,SOS,Secrets of Strixhaven,104,foil,common,1,112597,3d409512-50b9-4a38-91b0-19ba25227992,0.1,false,false,near_mint,en,EUR,2026-06-02T08:43:51.025Z
strixhaven,binder,Quick Study,SOS,Secrets of Strixhaven,65,foil,common,1,112583,2d4f0bc7-da7c-4749-a24c-b01f3eb5860c,0.15,false,false,near_mint,en,EUR,2026-06-02T08:43:51.024Z
strixhaven,binder,Mage Tower Referee,SOS,Secrets of Strixhaven,249,foil,common,1,112568,1ceb704a-97a8-49f9-b799-30f001404144,0.02,false,false,near_mint,en,EUR,2026-06-02T08:43:51.022Z
strixhaven,binder,Killian's Confidence,SOS,Secrets of Strixhaven,197,foil,uncommon,1,112443,55ff776a-fc3b-4338-8864-d57a85b3f123,0.25,false,false,near_mint,en,EUR,2026-06-02T08:43:51.021Z
strixhaven,binder,Pterafractyl,SOS,Secrets of Strixhaven,215,foil,common,1,112402,ecd33152-e290-4505-addd-a8d08cefdddd,0.07,false,false,near_mint,en,EUR,2026-06-02T08:43:51.019Z
strixhaven,binder,Hungry Graffalon,SOS,Secrets of Strixhaven,151,foil,common,1,112557,030b1272-5990-4bc9-8fc1-82cc05602060,0.1,false,false,near_mint,en,EUR,2026-06-02T08:43:51.017Z
strixhaven,binder,Tablet of Discovery,SOS,Secrets of Strixhaven,132,foil,uncommon,1,112565,13059664-a940-4a66-8100-0c90b884bab4,0.72,false,false,near_mint,en,EUR,2026-06-02T08:43:51.016Z
strixhaven,binder,Rubble Rouser,SOS,Secrets of Strixhaven,128,foil,common,1,112664,afe61957-a9bb-42b0-98e8-b5fa418cbaff,0.2,false,false,near_mint,en,EUR,2026-06-02T08:43:51.013Z
strixhaven,binder,Grapple with Death,SOS,Secrets of Strixhaven,192,foil,common,1,111657,62842fb4-8bd3-4d80-b4f9-5bc3c5cebd3a,0.25,false,false,near_mint,en,EUR,2026-06-02T08:43:51.012Z
strixhaven,binder,Abstract Paintmage,SOS,Secrets of Strixhaven,171,foil,uncommon,1,112708,ea008094-d995-4740-9b39-c61049356c55,0.27,false,false,near_mint,en,EUR,2026-06-02T08:43:51.011Z
strixhaven,binder,Pestbrood Sloth,SOS,Secrets of Strixhaven,157,foil,uncommon,1,112680,c1251ae6-2f19-4f84-ab02-6a6cc7ce6056,0.19,false,false,near_mint,en,EUR,2026-06-02T08:43:51.010Z
strixhaven,binder,Primary Research,SOS,Secrets of Strixhaven,26,foil,uncommon,1,112190,f6fdb814-45c6-4d14-afff-7f5bd1bd10a1,0.2,false,false,near_mint,en,EUR,2026-06-02T08:43:51.009Z
strixhaven,binder,Pest Mascot,SOS,Secrets of Strixhaven,209,foil,common,1,111751,d882beb9-6766-4818-afbb-f6fd7a2d5b70,0.17,false,false,near_mint,en,EUR,2026-06-02T08:43:51.008Z
strixhaven,binder,Hydro-Channeler,SOS,Secrets of Strixhaven,54,foil,common,1,112563,099f8400-d70a-48ef-8ff6-645eae97e072,0.09,false,false,near_mint,en,EUR,2026-06-02T08:43:51.006Z
strixhaven,binder,Noxious Newt,SOS,Secrets of Strixhaven,155,foil,common,1,112593,3a028306-c5d7-4f8f-b6f4-0d103fd47000,0.18,false,false,near_mint,en,EUR,2026-06-02T08:43:51.005Z
strixhaven,binder,Practiced Scrollsmith,SOS,Secrets of Strixhaven,210,foil,uncommon,1,112289,40075e3f-58b3-47fd-8fbe-4b301e9ce7a1,0.24,false,false,near_mint,en,EUR,2026-06-02T08:43:51.004Z
strixhaven,binder,Forum of Amity,SOS,Secrets of Strixhaven,256,foil,common,1,111863,1de6c6cc-0c55-4997-8623-d7f796bd9ab8,0.14,false,false,near_mint,en,EUR,2026-06-02T08:43:51.001Z
strixhaven,binder,Strixhaven Skycoach,SOS,Secrets of Strixhaven,252,foil,uncommon,1,112469,87741fbb-b426-4f83-a358-587b0907f081,0.15,false,false,near_mint,en,EUR,2026-06-02T08:43:51.000Z
strixhaven,binder,"Lluwen, Exchange Student // Pest Friend",SOS,Secrets of Strixhaven,199,foil,uncommon,1,111729,a0bcb638-c3c8-4973-9537-5c471f43f34f,0.25,false,false,near_mint,en,EUR,2026-06-02T08:43:50.994Z
strixhaven,binder,Return the Favor,SOA,Secrets of Strixhaven Mystical Archive,47,normal,uncommon,1,112535,e968efff-635b-4780-9bbe-099e75a1841b,0.23,false,false,near_mint,en,EUR,2026-06-02T08:43:50.993Z
strixhaven,binder,Locust Spray,SOA,Secrets of Strixhaven Mystical Archive,31,foil,uncommon,1,112497,b221e1e9-7b14-4444-ac1c-3d5174c711e9,0.19,false,false,near_mint,en,EUR,2026-06-02T08:43:50.987Z
strixhaven,binder,Prismari Pianist,SOC,Secrets of Strixhaven Commander,34,normal,rare,1,111994,7e3e5990-ad48-4be2-af8a-4ff77177758d,0.35,false,false,near_mint,en,EUR,2026-06-02T08:43:50.985Z
strixhaven,binder,Resonating Lute,SOS,Secrets of Strixhaven,221,normal,rare,1,112241,6ef168d6-28f2-4c24-9bfa-82c35663b729,2.5,false,false,near_mint,en,EUR,2026-06-02T08:43:50.984Z
strixhaven,binder,"Lorehold, the Historian",SOS,Secrets of Strixhaven,201,normal,mythic,1,110969,71a6701f-40f1-43ef-bff5-a5907fd67cd6,3.64,false,false,near_mint,en,EUR,2026-06-02T08:43:50.979Z
strixhaven,binder,Repel Calamity,SOA,Secrets of Strixhaven Mystical Archive,8,normal,uncommon,1,112424,1c2cf02f-97f3-47f0-9382-c580f3033635,0.12,false,false,near_mint,en,EUR,2026-06-02T08:43:50.976Z
strixhaven,binder,Forum of Amity,SOS,Secrets of Strixhaven,256,normal,common,1,111863,1de6c6cc-0c55-4997-8623-d7f796bd9ab8,0.09,false,false,near_mint,en,EUR,2026-06-02T08:43:50.975Z
strixhaven,binder,Bring to Light,SOA,Secrets of Strixhaven Mystical Archive,61,normal,rare,1,112579,2b5cfc9b-90c0-4073-8584-8cf59d13fd60,0.32,false,false,near_mint,en,EUR,2026-06-02T08:43:50.970Z
strixhaven,binder,Sundown Pass,SOS,Secrets of Strixhaven,264,normal,rare,1,111735,b34000e9-ff20-4fb4-9d0b-03a172a92457,1.28,false,false,near_mint,en,EUR,2026-06-02T08:43:50.969Z
strixhaven,binder,"Jadzi, Steward of Fate // Oracle's Gift",SOS,Secrets of Strixhaven,55,normal,rare,3,112377,a95b6baf-01e6-49c3-9a26-394b127d53c3,0.19,false,false,near_mint,en,EUR,2026-06-02T08:43:50.971Z
strixhaven,binder,Paradox Gardens,SOS,Secrets of Strixhaven,258,normal,common,2,112152,dbc3447e-1329-4ea1-b4ca-b321b0ffec8f,0.12,false,false,near_mint,en,EUR,2026-06-02T08:43:50.972Z
strixhaven,binder,Fields of Strife,SOS,Secrets of Strixhaven,255,normal,common,4,111906,3dc7a4c3-c356-4fba-bea0-e8788da3eb57,0.08,false,false,near_mint,en,EUR,2026-06-02T08:43:50.974Z
strixhaven,binder,Fix What's Broken,SOS,Secrets of Strixhaven,188,normal,rare,2,112678,c0cd1d71-8e4a-4e00-80cd-83aec231fa57,0.34,false,false,near_mint,en,EUR,2026-06-02T08:43:50.977Z
strixhaven,binder,Postmortem Professor,SOS,Secrets of Strixhaven,93,normal,rare,3,112566,174f5d7e-5d36-4d13-96bf-9b12cd644716,0.17,false,false,near_mint,en,EUR,2026-06-02T08:43:50.978Z
strixhaven,binder,Ulna Alley Shopkeep,SOS,Secrets of Strixhaven,103,foil,common,2,112681,c25e1ae5-f17c-4eee-98f1-5681981af31c,0.04,false,false,near_mint,en,EUR,2026-06-02T08:43:50.988Z
strixhaven,binder,Scathing Shadelock // Venomous Words,SOS,Secrets of Strixhaven,98,foil,uncommon,2,112558,03e664cd-c3a6-4263-b2d8-dd99058fb8ec,0.09,false,false,near_mint,en,EUR,2026-06-02T08:43:50.989Z
strixhaven,binder,Ajani's Response,SOS,Secrets of Strixhaven,6,foil,common,2,112654,9cd1417a-badc-4abd-a8ca-5b31f85c1072,0.09,false,false,near_mint,en,EUR,2026-06-02T08:43:50.990Z
strixhaven,binder,Textbook Tabulator,SOS,Secrets of Strixhaven,70,foil,common,2,112615,56f54fee-b48d-4582-8982-ca4c7b8ef553,0.04,false,false,near_mint,en,EUR,2026-06-02T08:43:50.992Z
strixhaven,binder,Startled Relic Sloth,SOS,Secrets of Strixhaven,233,foil,uncommon,3,112711,f143fd41-58c3-45a0-bef8-e9e4b4a502a5,0.09,false,false,near_mint,en,EUR,2026-06-02T08:43:50.995Z
strixhaven,binder,Dig Site Inventory,SOS,Secrets of Strixhaven,10,foil,common,3,112707,e52464ee-df8b-41ec-af93-4b0eb004383e,0.17,false,false,near_mint,en,EUR,2026-06-02T08:43:50.996Z
strixhaven,binder,Landscape Painter // Vibrant Idea,SOS,Secrets of Strixhaven,56,foil,common,3,112264,c0bd30c4-3cdf-4eda-8be5-0fb5e5ddddbf,0.05,false,false,near_mint,en,EUR,2026-06-02T08:43:50.997Z
strixhaven,binder,Wilt in the Heat,SOS,Secrets of Strixhaven,243,foil,common,3,112715,f63f7209-fc0f-400c-8076-125f3131cb32,0.07,false,false,near_mint,en,EUR,2026-06-02T08:43:50.998Z
strixhaven,binder,Ancestral Anger,SOS,Secrets of Strixhaven,106,foil,common,2,112627,6c5a93d6-d4ab-4062-bb3c-1b5330bf15ad,0.18,false,false,near_mint,en,EUR,2026-06-02T08:43:51.007Z
strixhaven,binder,Thunderdrum Soloist,SOS,Secrets of Strixhaven,134,foil,uncommon,2,112234,590d1d95-ed13-4121-899f-f5a2d8a6617a,0.23,false,false,near_mint,en,EUR,2026-06-02T08:43:51.014Z
strixhaven,binder,Matterbending Mage,SOS,Secrets of Strixhaven,59,foil,uncommon,2,112606,460c6afd-cddf-4fea-925f-b27517ff250a,0.09,false,false,near_mint,en,EUR,2026-06-02T08:43:51.015Z
strixhaven,binder,Rehearsed Debater,SOS,Secrets of Strixhaven,29,foil,common,2,112724,fc6a1425-6733-42a2-94d9-605966398092,0.04,false,false,near_mint,en,EUR,2026-06-02T08:43:51.018Z
strixhaven,binder,Seize the Spoils,SOS,Secrets of Strixhaven,129,foil,common,2,111928,4ddf4e34-a1f9-4636-942d-0a08e9f94320,0.19,false,false,near_mint,en,EUR,2026-06-02T08:43:51.036Z
strixhaven,binder,Burrog Barrage,SOS,Secrets of Strixhaven,141,foil,common,2,112647,95d5b0a8-2b66-418e-9e5e-ecf7b304c31e,0.11,false,false,near_mint,en,EUR,2026-06-02T08:43:51.038Z
strixhaven,binder,Goblin Glasswright // Craft with Pride,SOS,Secrets of Strixhaven,117,foil,common,2,112687,c85c5f06-dd31-4e2c-97be-2f64d65069ea,0.09,false,false,near_mint,en,EUR,2026-06-02T08:43:51.039Z
strixhaven,binder,Inkshape Demonstrator,SOS,Secrets of Strixhaven,21,foil,uncommon,2,112505,bcfac992-9984-4529-b9ff-a42d58832b34,0.06,false,false,near_mint,en,EUR,2026-06-02T08:43:51.081Z
strixhaven,binder,Tester of the Tangential,SOS,Secrets of Strixhaven,69,normal,uncommon,2,112386,bbd708ec-eef4-4f45-99dd-60e1cec4b991,0.07,false,false,near_mint,en,EUR,2026-06-02T08:43:51.098Z
strixhaven,binder,Artistic Process,SOS,Secrets of Strixhaven,108,normal,uncommon,2,112262,bce9d933-be58-4301-beb4-07b04d0b69f0,0.09,false,false,near_mint,en,EUR,2026-06-02T08:43:51.109Z
strixhaven,binder,"Lluwen, Exchange Student // Pest Friend",SOS,Secrets of Strixhaven,199,normal,uncommon,4,111729,a0bcb638-c3c8-4973-9537-5c471f43f34f,0.13,false,false,near_mint,en,EUR,2026-06-02T08:43:51.113Z
strixhaven,binder,Eternal Student,SOS,Secrets of Strixhaven,82,normal,uncommon,2,112720,f97fac69-3e77-4150-9702-cc726daa6d21,0.08,false,false,near_mint,en,EUR,2026-06-02T08:43:51.120Z
strixhaven,binder,Goblin Glasswright // Craft with Pride,SOS,Secrets of Strixhaven,117,normal,common,1,112687,c85c5f06-dd31-4e2c-97be-2f64d65069ea,0.19,false,false,near_mint,en,EUR,2026-06-02T08:47:08.445Z
strixhaven,binder,Essence Scatter,SOS,Secrets of Strixhaven,47,normal,common,1,112586,32840097-0531-4c43-b6a8-e76c17420b04,0.07,false,false,near_mint,en,EUR,2026-06-02T08:47:08.444Z
strixhaven,binder,Shattered Acolyte,SOS,Secrets of Strixhaven,31,normal,common,1,111659,dc0517ca-b271-49a1-a286-c20f4e5b9309,0.08,false,false,near_mint,en,EUR,2026-06-02T08:47:08.443Z
strixhaven,binder,Cheerful Osteomancer // Raise Dead,SOS,Secrets of Strixhaven,76,normal,common,1,112596,3c34660c-25e3-4ff5-9b2b-5554ded2bcc3,0.03,false,false,near_mint,en,EUR,2026-06-02T08:47:08.442Z
strixhaven,binder,Terramorphic Expanse,SOS,Secrets of Strixhaven,265,normal,common,1,112047,9a4c5629-fadd-42b9-850f-9f8586a2ca50,0.07,false,false,near_mint,en,EUR,2026-06-02T08:47:08.441Z
strixhaven,binder,Textbook Tabulator,SOS,Secrets of Strixhaven,70,normal,common,1,112615,56f54fee-b48d-4582-8982-ca4c7b8ef553,0.06,false,false,near_mint,en,EUR,2026-06-02T08:47:08.440Z
strixhaven,binder,Dig Site Inventory,SOS,Secrets of Strixhaven,10,normal,common,1,112707,e52464ee-df8b-41ec-af93-4b0eb004383e,0.12,false,false,near_mint,en,EUR,2026-06-02T08:47:08.439Z
strixhaven,binder,Heated Argument,SOS,Secrets of Strixhaven,118,normal,common,1,111679,0038d212-3d95-4f98-8c2e-7b2404d0ced7,0.02,false,false,near_mint,en,EUR,2026-06-02T08:47:08.438Z
strixhaven,binder,Wilt in the Heat,SOS,Secrets of Strixhaven,243,normal,common,1,112715,f63f7209-fc0f-400c-8076-125f3131cb32,0.02,false,false,near_mint,en,EUR,2026-06-02T08:47:08.434Z
strixhaven,binder,Wild Hypothesis,SOS,Secrets of Strixhaven,167,normal,common,1,112559,04fdfabc-c247-4384-a5bb-f49035f8aae0,0.05,false,false,near_mint,en,EUR,2026-06-02T08:47:08.432Z
strixhaven,binder,Rubble Rouser,SOS,Secrets of Strixhaven,128,normal,common,1,112664,afe61957-a9bb-42b0-98e8-b5fa418cbaff,0.1,false,false,near_mint,en,EUR,2026-06-02T08:47:08.431Z
strixhaven,binder,Spellbook Seeker // Careful Study,SOS,Secrets of Strixhaven,68,normal,common,1,112691,cc44eaa4-59a4-419e-b1d1-d92f354ff588,0.13,false,false,near_mint,en,EUR,2026-06-02T08:47:08.430Z
strixhaven,binder,"Arixmethes, Slumbering Isle",DSC,Duskmourn: House of Horror Commander,211,normal,rare,1,81453,c9c7d30f-a33e-4b14-9a1a-27b78f7e2fbb,2.39,false,false,near_mint,en,EUR,2026-06-02T08:47:08.428Z
strixhaven,binder,Forest,SOS,Secrets of Strixhaven,280,foil,common,1,112177,f169dfb2-e4c8-46e9-8591-e51bb82da082,0.16,false,false,near_mint,en,EUR,2026-06-02T08:47:08.427Z
strixhaven,binder,Tome Blast,SOS,Secrets of Strixhaven,135,foil,common,1,112630,72a3b17d-1e00-48e9-8402-c81bacd595a7,0.05,false,false,near_mint,en,EUR,2026-06-02T08:47:08.426Z
strixhaven,binder,Grapple with Death,SOS,Secrets of Strixhaven,192,normal,common,1,111657,62842fb4-8bd3-4d80-b4f9-5bc3c5cebd3a,0.1,false,false,near_mint,en,EUR,2026-06-02T08:47:08.425Z
strixhaven,binder,Interjection,SOS,Secrets of Strixhaven,22,normal,common,1,112560,0534cff6-299c-4155-b318-eb7581989e8a,0.09,false,false,near_mint,en,EUR,2026-06-02T08:47:08.424Z
strixhaven,binder,Cost of Brilliance,SOS,Secrets of Strixhaven,77,normal,common,1,112594,3a46816b-9f75-4c72-9ec6-cded6a4a0d01,0.08,false,false,near_mint,en,EUR,2026-06-02T08:47:08.423Z
strixhaven,binder,Ancestral Anger,SOS,Secrets of Strixhaven,106,normal,common,1,112627,6c5a93d6-d4ab-4062-bb3c-1b5330bf15ad,0.11,false,false,near_mint,en,EUR,2026-06-02T08:47:08.421Z
strixhaven,binder,Procrastinate,SOS,Secrets of Strixhaven,64,normal,common,1,111692,1edb449d-620f-4e21-9d76-2c840635eb9d,0.1,false,false,near_mint,en,EUR,2026-06-02T08:47:08.420Z
strixhaven,binder,Muse's Encouragement,SOS,Secrets of Strixhaven,61,normal,common,1,112301,c59e0004-1d6a-42a1-8ce4-31da2af2e1bf,0.04,false,false,near_mint,en,EUR,2026-06-02T08:47:08.417Z
strixhaven,binder,Stone Docent,SOS,Secrets of Strixhaven,36,normal,common,1,112682,c2abfffb-bf36-44af-9a27-6e109e4d77dd,0.03,false,false,near_mint,en,EUR,2026-06-02T08:47:08.416Z
strixhaven,binder,Melancholic Poet,SOS,Secrets of Strixhaven,90,normal,common,1,112696,d8309815-7035-47a5-acf2-2b2ac1e65037,0.1,false,false,near_mint,en,EUR,2026-06-02T08:47:08.415Z
strixhaven,binder,Efflorescence,SOS,Secrets of Strixhaven,144,normal,common,1,112634,79b9ace7-eceb-4f97-9ee7-d5ee3e0b3515,0.12,false,false,near_mint,en,EUR,2026-06-02T08:47:08.414Z
strixhaven,binder,Forest,SOS,Secrets of Strixhaven,281,normal,common,1,111886,3041d539-4f15-4836-a215-afa19a5cc23f,0.08,false,false,near_mint,en,EUR,2026-06-02T08:47:08.413Z
strixhaven,binder,Quick Study,SOS,Secrets of Strixhaven,65,normal,common,1,112583,2d4f0bc7-da7c-4749-a24c-b01f3eb5860c,0.07,false,false,near_mint,en,EUR,2026-06-02T08:47:08.412Z
strixhaven,binder,Mage Tower Referee,SOS,Secrets of Strixhaven,249,normal,common,1,112568,1ceb704a-97a8-49f9-b799-30f001404144,0.09,false,false,near_mint,en,EUR,2026-06-02T08:47:08.411Z
strixhaven,binder,Ulna Alley Shopkeep,SOS,Secrets of Strixhaven,103,normal,common,1,112681,c25e1ae5-f17c-4eee-98f1-5681981af31c,0.03,false,false,near_mint,en,EUR,2026-06-02T08:47:08.410Z
strixhaven,binder,Unsubtle Mockery,SOS,Secrets of Strixhaven,136,normal,common,1,112580,2b7cb1a3-761e-470e-a164-6e29dd9448cd,0.06,false,false,near_mint,en,EUR,2026-06-02T08:47:08.408Z
strixhaven,binder,Mindful Biomancer,SOS,Secrets of Strixhaven,154,normal,common,1,112582,2c3a6eb8-ce0c-4dc8-9ed6-d2a9223eef53,0.04,false,false,near_mint,en,EUR,2026-06-02T08:47:08.407Z
strixhaven,binder,Rehearsed Debater,SOS,Secrets of Strixhaven,29,normal,common,2,112724,fc6a1425-6733-42a2-94d9-605966398092,0.03,false,false,near_mint,en,EUR,2026-06-02T08:47:08.409Z
strixhaven,binder,Visionary's Dance,SOS,Secrets of Strixhaven,242,normal,common,2,112638,846a0e79-a530-429e-8f7f-4b87f1b0156e,0.17,false,false,near_mint,en,EUR,2026-06-02T08:47:08.418Z
strixhaven,binder,Potioner's Trove,SOS,Secrets of Strixhaven,251,normal,common,2,112570,2123b349-4649-4a15-a8b5-b54414d2b1b7,0.09,false,false,near_mint,en,EUR,2026-06-02T08:47:08.419Z
strixhaven,binder,Studious First-Year // Rampant Growth,SOS,Secrets of Strixhaven,162,normal,common,2,111693,24f888dd-785c-4089-a89c-03f9080130ed,0.13,false,false,near_mint,en,EUR,2026-06-02T08:47:08.422Z
strixhaven,binder,Biblioplex Tomekeeper,SOS,Secrets of Strixhaven,247,normal,common,2,111740,bf2efdd9-d2b4-4bea-a5b9-dbb2eee4dfba,0.03,false,false,near_mint,en,EUR,2026-06-02T08:47:08.433Z
,,Archmage Emeritus,SPG,Special Guests,150,foil,mythic,1,111789,2ab5ba3a-22a5-4d79-af99-fe1ef6cc8676,6.05,false,false,near_mint,de,EUR,2026-06-07T15:21:29.903Z
,,Pensive Professor,SOS,Secrets of Strixhaven,63,foil,rare,1,111707,66d47940-84f9-4479-8562-45e5148435d4,0.72,false,false,near_mint,de,EUR,2026-06-07T15:21:29.901Z
,,Leitmotif Composer,SOC,Secrets of Strixhaven Commander,20,normal,rare,1,111871,2511b281-f822-427c-ac5f-d376b64fa6cf,0.22,false,false,near_mint,de,EUR,2026-06-07T15:21:29.900Z
,,Moment of Reckoning,SOS,Secrets of Strixhaven,205,foil,rare,1,112345,577d9dc8-7720-4dc9-b650-64b4729b309b,0.26,false,false,near_mint,de,EUR,2026-06-07T15:21:29.899Z
,,Mountain,SOS,Secrets of Strixhaven,270,foil,common,3,111710,6af1f1db-eb91-4297-83f6-9318b87fd220,0.65,false,false,near_mint,de,EUR,2026-06-07T15:21:29.898Z
,,Disdainful Stroke,SOA,Secrets of Strixhaven Mystical Archive,17,foil,uncommon,1,111792,3a057032-6ece-4aa7-8e99-df2a07359b2b,0.27,false,false,near_mint,de,EUR,2026-06-07T15:21:29.897Z
,,Burst Lightning,SOA,Secrets of Strixhaven Mystical Archive,41,foil,uncommon,2,112539,f98b402a-ecdb-432f-a050-65945c8c415d,0.42,false,false,near_mint,de,EUR,2026-06-07T15:21:29.896Z
,,Scolding Administrator,SOS,Secrets of Strixhaven,224,foil,uncommon,1,112626,69757177-aefa-44a6-81db-5ae9b5d2f117,0.15,false,false,near_mint,de,EUR,2026-06-07T15:21:29.895Z
,,Aberrant Manawurm,SOS,Secrets of Strixhaven,138,foil,uncommon,1,112632,797131cf-d80d-4050-bebd-2ce1d7fae5d0,0.13,false,false,near_mint,de,EUR,2026-06-07T15:21:29.894Z
,,Archaic's Agony,SOS,Secrets of Strixhaven,107,foil,uncommon,1,111653,8d99f8b2-5c1c-4059-bf68-c6b2e9e5b275,0.07,false,false,near_mint,de,EUR,2026-06-07T15:21:29.893Z
,,Melancholic Poet,SOS,Secrets of Strixhaven,90,foil,common,1,112696,d8309815-7035-47a5-acf2-2b2ac1e65037,0.16,false,false,near_mint,de,EUR,2026-06-07T15:21:29.892Z
,,Mindful Biomancer,SOS,Secrets of Strixhaven,154,foil,common,1,112582,2c3a6eb8-ce0c-4dc8-9ed6-d2a9223eef53,0.1,false,false,near_mint,de,EUR,2026-06-07T15:21:29.891Z
,,Eager Glyphmage,SOS,Secrets of Strixhaven,11,foil,common,1,112507,bf736de9-9bc4-49df-ae60-672ed4f83f32,0.05,false,false,near_mint,de,EUR,2026-06-07T15:21:29.890Z
,,Studious First-Year // Rampant Growth,SOS,Secrets of Strixhaven,162,foil,common,1,111693,24f888dd-785c-4089-a89c-03f9080130ed,0.28,false,false,near_mint,de,EUR,2026-06-07T15:21:29.889Z
,,Helping Hand,SOA,Secrets of Strixhaven Mystical Archive,135,foil,uncommon,1,112518,cf530c7e-2be4-4afc-983c-72be4b2e6d6e,8.81,false,false,near_mint,en,EUR,2026-06-07T15:23:30.637Z
,,Big Score,SOA,Secrets of Strixhaven Mystical Archive,103,normal,rare,1,112549,9cf2452d-17af-4bb2-8a52-348d6e5e08b9,2.55,false,false,near_mint,ja,EUR,2026-06-07T15:52:48.937Z
,,Stirring Hopesinger,SOS,Secrets of Strixhaven,314,normal,rare,1,112438,47eba7ac-d01c-4d17-a191-c6869cc5c3d2,0.56,false,false,near_mint,de,EUR,2026-06-07T15:52:48.936Z
,,"Witherbloom, the Balancer",SOS,Secrets of Strixhaven,288,normal,mythic,1,111744,cc22696c-a9ef-48b7-a74a-7dd0a9c3d1bb,14.23,false,false,near_mint,de,EUR,2026-06-07T15:52:48.935Z
,,Ribtruss Roaster,SOC,Secrets of Strixhaven Commander,91,normal,rare,1,112255,9c67874d-ddb3-41a3-8262-8edf70c6b517,0.62,false,false,near_mint,de,EUR,2026-06-07T15:52:48.934Z
,,Pox Plague,SOS,Secrets of Strixhaven,94,foil,rare,1,112653,9c99c17b-ad3a-4859-97e8-469718b81cd9,0.42,false,false,near_mint,de,EUR,2026-06-07T15:52:48.933Z
,,Disdainful Stroke,SOA,Secrets of Strixhaven Mystical Archive,17,normal,uncommon,1,111792,3a057032-6ece-4aa7-8e99-df2a07359b2b,0.1,false,false,near_mint,de,EUR,2026-06-07T15:52:48.930Z
,,Lecturing Scornmage,SOS,Secrets of Strixhaven,87,foil,uncommon,1,112663,ad07091e-8c24-43af-8ce8-031847bcaf30,0.14,false,false,near_mint,de,EUR,2026-06-07T15:52:48.929Z
,,"Emil, Vastlands Roamer",SOS,Secrets of Strixhaven,146,foil,uncommon,1,112589,3654416d-8558-4af2-9e10-18dbc8f2b376,0.29,false,false,near_mint,de,EUR,2026-06-07T15:52:48.928Z
,,Teacher's Pest,SOS,Secrets of Strixhaven,238,foil,uncommon,1,112171,eaa358ac-761d-4507-aa15-3d4684027207,0.25,false,false,near_mint,de,EUR,2026-06-07T15:52:48.927Z
,,Ajani's Response,SOS,Secrets of Strixhaven,6,foil,common,1,112654,9cd1417a-badc-4abd-a8ca-5b31f85c1072,0.08,false,false,near_mint,de,EUR,2026-06-07T15:52:48.926Z
,,Deluge Virtuoso,SOS,Secrets of Strixhaven,42,foil,common,1,112222,2e3b16ed-8727-48fd-8b1f-c0cbd329385e,0.12,false,false,near_mint,de,EUR,2026-06-07T15:52:48.925Z
,,Unsubtle Mockery,SOS,Secrets of Strixhaven,136,foil,common,1,112580,2b7cb1a3-761e-470e-a164-6e29dd9448cd,0.03,false,false,near_mint,de,EUR,2026-06-07T15:52:48.923Z
,,Angel's Grace,SOA,Secrets of Strixhaven Mystical Archive,2,normal,rare,1,112701,de0f22af-fb85-4178-8a35-ec3ff031f4df,1.7,false,false,near_mint,de,EUR,2026-06-07T15:52:48.920Z
,,Conciliator's Duelist,SOS,Secrets of Strixhaven,348,normal,rare,1,111736,b654da8c-8e93-4d2b-9b10-4b55241bcfbc,0.23,false,false,near_mint,de,EUR,2026-06-07T15:52:48.919Z
,,Eiganjo Dynastorian // Replenish,SOC,Secrets of Strixhaven Commander,63,normal,rare,1,111769,f6a504a6-2501-4384-9db9-da6abe1cf81d,3.82,false,false,near_mint,de,EUR,2026-06-07T15:52:48.918Z
,,"Blech, Loafing Pest",SOS,Secrets of Strixhaven,176,foil,rare,1,112713,f588fa50-7cc5-41ba-90df-2d252eb5c785,0.43,false,false,near_mint,de,EUR,2026-06-07T15:52:48.917Z
,,Return the Favor,SOA,Secrets of Strixhaven Mystical Archive,47,foil,uncommon,1,112535,e968efff-635b-4780-9bbe-099e75a1841b,0.56,false,false,near_mint,de,EUR,2026-06-07T15:52:48.915Z
,,Requisition Raid,SOA,Secrets of Strixhaven Mystical Archive,10,normal,uncommon,1,112457,6d9efae9-365d-46c8-be92-d4a3038f0414,0.14,false,false,near_mint,de,EUR,2026-06-07T15:52:48.914Z
,,Abstract Paintmage,SOS,Secrets of Strixhaven,171,foil,uncommon,1,112708,ea008094-d995-4740-9b39-c61049356c55,0.23,false,false,near_mint,de,EUR,2026-06-07T15:52:48.913Z
,,Impractical Joke,SOS,Secrets of Strixhaven,119,foil,uncommon,1,112334,39a816b4-39b8-421c-b828-68db901d34b7,0.3,false,false,near_mint,de,EUR,2026-06-07T15:52:48.912Z
,,Borrowed Knowledge,SOS,Secrets of Strixhaven,178,foil,uncommon,1,112298,a3226e14-554d-47c9-b8b6-dfeb53cc41ba,0.26,false,false,near_mint,de,EUR,2026-06-07T15:52:48.911Z
,,Noxious Newt,SOS,Secrets of Strixhaven,155,foil,common,1,112593,3a028306-c5d7-4f8f-b6f4-0d103fd47000,0.25,false,false,near_mint,de,EUR,2026-06-07T15:52:48.910Z
,,Spellbook Seeker // Careful Study,SOS,Secrets of Strixhaven,68,foil,common,1,112691,cc44eaa4-59a4-419e-b1d1-d92f354ff588,0.12,false,false,near_mint,de,EUR,2026-06-07T15:52:48.909Z
,,Inkling Mascot,SOS,Secrets of Strixhaven,196,foil,common,1,111711,6d4a2f39-0e1e-4076-815a-2676a09a1aab,0.1,false,false,near_mint,de,EUR,2026-06-07T15:52:48.908Z
,,Hydro-Channeler,SOS,Secrets of Strixhaven,54,foil,common,1,112563,099f8400-d70a-48ef-8ff6-645eae97e072,0.1,false,false,near_mint,de,EUR,2026-06-07T15:52:48.907Z
,,"Witherbloom, the Balancer",SOS,Secrets of Strixhaven,288,foil,mythic,1,111744,cc22696c-a9ef-48b7-a74a-7dd0a9c3d1bb,25.03,false,false,near_mint,de,EUR,2026-06-07T15:52:48.905Z
,,Ad Nauseam,SOA,Secrets of Strixhaven Mystical Archive,25,normal,mythic,1,112463,763fb195-6fd1-428a-b129-ec688f7b0066,7.15,false,false,near_mint,de,EUR,2026-06-07T15:52:48.904Z
,,Molten-Core Maestro,SOS,Secrets of Strixhaven,335,normal,rare,1,111743,cb23a7c0-126a-4ed9-b46d-11cfe371c381,1.56,false,false,near_mint,de,EUR,2026-06-07T15:52:48.903Z
,,Defacing Duskmage // Vandal's Edit,SOC,Secrets of Strixhaven Commander,93,normal,rare,1,112248,91493530-bc0a-4ed1-8a4a-9a732fcb3752,0.7,false,false,near_mint,de,EUR,2026-06-07T15:52:48.902Z
,,Great Hall of the Biblioplex,SOS,Secrets of Strixhaven,257,foil,rare,1,111794,42d92674-2664-411c-b9c5-b04da7c845f4,0.65,false,false,near_mint,de,EUR,2026-06-07T15:52:48.901Z
,,Zombify,SOA,Secrets of Strixhaven Mystical Archive,36,foil,uncommon,1,112530,dfec5854-70c7-4e4b-9979-58775dd7a181,0.21,false,false,near_mint,de,EUR,2026-06-07T15:52:48.899Z
,,Knockout Maneuver,SOA,Secrets of Strixhaven Mystical Archive,119,normal,uncommon,1,112471,8ae6ecb2-d062-400d-b0ee-67b54746e7fc,0.31,false,false,near_mint,ja,EUR,2026-06-07T15:52:48.898Z
,,Fractal Tender,SOS,Secrets of Strixhaven,190,foil,uncommon,1,112314,ea7f5262-4ddb-410a-be72-4bac6af9b4ec,0.15,false,false,near_mint,de,EUR,2026-06-07T15:52:48.897Z
,,Homesickness,SOS,Secrets of Strixhaven,53,foil,uncommon,1,112358,6e4a1f82-b0b1-4608-91f8-130bee731435,0.09,false,false,near_mint,de,EUR,2026-06-07T15:52:48.896Z
,,Stress Dream,SOS,Secrets of Strixhaven,235,foil,uncommon,1,111691,1ec40a1b-51e7-4a35-966c-ab2a10f21a80,0.07,false,false,near_mint,de,EUR,2026-06-07T15:52:48.895Z
,,Spirit Mascot,SOS,Secrets of Strixhaven,230,foil,common,1,111682,123f1fde-d8de-4640-baa1-bb3781713168,0.2,false,false,near_mint,de,EUR,2026-06-07T15:52:48.894Z
,,Stadium Tidalmage,SOS,Secrets of Strixhaven,232,foil,common,1,112658,a689289e-7141-4950-8a87-82e9bd6846fe,0.09,false,false,near_mint,de,EUR,2026-06-07T15:52:48.893Z
,,Shopkeeper's Bane,SOS,Secrets of Strixhaven,159,foil,common,1,112651,97f7fbb9-228c-4a74-975b-38d3b6cecb32,0.15,false,false,near_mint,de,EUR,2026-06-07T15:52:48.892Z
,,Ascendant Dustspeaker,SOS,Secrets of Strixhaven,8,foil,common,1,112702,de3de40b-a7ac-455e-add2-4e451b602d17,0.07,false,false,near_mint,de,EUR,2026-06-07T15:52:48.891Z
,,Angel's Grace,SOA,Secrets of Strixhaven Mystical Archive,132,foil,rare,1,112794,35dd15a9-d330-4d79-9917-1329444d6598,34.04,false,false,near_mint,ja,EUR,2026-06-07T15:52:48.889Z
,,Glimpse of Nature,SOA,Secrets of Strixhaven Mystical Archive,53,normal,rare,1,112466,7cb6fd05-0bd9-4f2f-b159-280aba98d3a5,1.22,false,false,near_mint,de,EUR,2026-06-07T15:52:48.888Z
,,Vastlands Scavenger // Bind to Life,SOS,Secrets of Strixhaven,342,normal,rare,1,112646,91db5c3d-45ab-440f-8568-a2837aee1fca,0.61,false,false,near_mint,de,EUR,2026-06-07T15:52:48.887Z
,,"Scriv, the Obligator",SOC,Secrets of Strixhaven Commander,9,normal,mythic,1,112102,c133a860-7b8d-485d-b9a2-bf8ae3a68f47,0.6,false,false,near_mint,de,EUR,2026-06-07T15:52:48.886Z
,,Colorstorm Stallion,SOS,Secrets of Strixhaven,180,foil,rare,1,111768,f5b54d46-2caf-4d1b-8be1-dbd9e9dce058,1.22,false,false,near_mint,de,EUR,2026-06-07T15:52:48.885Z
,,Thunderdrum Soloist,SOS,Secrets of Strixhaven,134,foil,uncommon,1,112234,590d1d95-ed13-4121-899f-f5a2d8a6617a,0.26,false,false,near_mint,de,EUR,2026-06-07T15:52:48.881Z
,,Campus Composer // Aqueous Aria,SOS,Secrets of Strixhaven,40,foil,uncommon,1,112277,fac8ac39-ecb4-4142-bf37-131c65660a9b,0.12,false,false,near_mint,de,EUR,2026-06-07T15:52:48.880Z
,,"Kirol, History Buff // Pack a Punch",SOS,Secrets of Strixhaven,198,foil,uncommon,1,111709,676ba521-66e4-42cf-a315-70d03cb7334e,0.2,false,false,near_mint,de,EUR,2026-06-07T15:52:48.879Z
,,Mage Tower Referee,SOS,Secrets of Strixhaven,249,foil,common,1,112568,1ceb704a-97a8-49f9-b799-30f001404144,0.02,false,false,near_mint,de,EUR,2026-06-07T15:52:48.878Z
,,Quick Study,SOS,Secrets of Strixhaven,65,foil,common,1,112583,2d4f0bc7-da7c-4749-a24c-b01f3eb5860c,0.15,false,false,near_mint,de,EUR,2026-06-07T15:52:48.877Z
,,Wander Off,SOS,Secrets of Strixhaven,104,foil,common,1,112597,3d409512-50b9-4a38-91b0-19ba25227992,0.12,false,false,near_mint,de,EUR,2026-06-07T15:52:48.876Z
,,Pterafractyl,SOS,Secrets of Strixhaven,215,foil,common,1,112402,ecd33152-e290-4505-addd-a8d08cefdddd,0.09,false,false,near_mint,de,EUR,2026-06-07T15:52:48.875Z
,,Together as One,SOS,Secrets of Strixhaven,307,foil,rare,1,111720,82e4948e-5f2b-498f-8864-d46870910d83,0.58,false,false,near_mint,de,EUR,2026-06-07T15:52:48.873Z
,,Dismember,SOA,Secrets of Strixhaven Mystical Archive,93,normal,rare,1,112477,9382c445-bc7c-4c98-b9d8-477d77a4e523,6.87,false,false,near_mint,ja,EUR,2026-06-07T15:52:48.872Z
,,Emeritus of Abundance // Regrowth,SOS,Secrets of Strixhaven,339,normal,mythic,1,112329,2b7e8e07-b3ff-496e-923f-42d703f20a1e,6.95,false,false,near_mint,de,EUR,2026-06-07T15:52:48.871Z
,,"Nev, the Practical Dean",SOC,Secrets of Strixhaven Commander,89,normal,rare,1,112250,93341675-0ab1-43da-b0ce-c994d8d8bbb4,0.24,false,false,near_mint,de,EUR,2026-06-07T15:52:48.870Z
,,Maelstrom Artisan // Rocket Volley,SOS,Secrets of Strixhaven,122,foil,rare,1,112237,5c88391d-271f-4021-a5d9-158ebc1e6357,0.26,false,false,near_mint,de,EUR,2026-06-07T15:52:48.869Z
,,Plains,SOS,Secrets of Strixhaven,267,foil,common,1,111731,a845de50-4af0-4f4a-9c2a-db587973571c,0.73,false,false,near_mint,de,EUR,2026-06-07T15:52:48.868Z
,,Duty Beyond Death,SOA,Secrets of Strixhaven Mystical Archive,4,foil,uncommon,1,111803,6f8f8183-d17a-41b8-b3b5-914f193fd964,0.3,false,false,near_mint,de,EUR,2026-06-07T15:52:48.867Z
,,Zombify,SOA,Secrets of Strixhaven Mystical Archive,36,normal,uncommon,1,112530,dfec5854-70c7-4e4b-9979-58775dd7a181,0.12,false,false,near_mint,de,EUR,2026-06-07T15:52:48.866Z
,,Fractalize,SOS,Secrets of Strixhaven,51,foil,uncommon,1,112399,e3c3b19b-01b6-4f5a-b428-513b778c5d89,0.14,false,false,near_mint,de,EUR,2026-06-07T15:52:48.865Z
,,Group Project,SOS,Secrets of Strixhaven,17,foil,uncommon,1,112305,e8abc1eb-6225-4b18-8502-b5324b818aed,0.17,false,false,near_mint,de,EUR,2026-06-07T15:52:48.864Z
,,Tester of the Tangential,SOS,Secrets of Strixhaven,69,foil,uncommon,1,112386,bbd708ec-eef4-4f45-99dd-60e1cec4b991,0.09,false,false,near_mint,de,EUR,2026-06-07T15:52:48.863Z
,,Fields of Strife,SOS,Secrets of Strixhaven,255,foil,common,1,111906,3dc7a4c3-c356-4fba-bea0-e8788da3eb57,0.15,false,false,near_mint,de,EUR,2026-06-07T15:52:48.862Z
,,Tackle Artist,SOS,Secrets of Strixhaven,133,foil,common,1,112672,b87e2474-98c1-4c1a-91ed-340b72d31653,0.13,false,false,near_mint,de,EUR,2026-06-07T15:52:48.861Z
,,Send in the Pest,SOS,Secrets of Strixhaven,100,foil,common,1,112576,283b508b-89f0-4c23-9686-b049e402b73c,0.11,false,false,near_mint,de,EUR,2026-06-07T15:52:48.860Z
,,Run Behind,SOS,Secrets of Strixhaven,66,foil,common,1,112601,40ecc34b-4cd0-4998-bbf4-7faa6fd3d7e0,0.03,false,false,near_mint,de,EUR,2026-06-07T15:52:48.859Z
,,Zaffai and the Tempests,SOS,Secrets of Strixhaven,360,foil,rare,1,112226,3f0fff0a-51be-4c3e-b9f5-6bc6999475d1,0.36,false,false,near_mint,de,EUR,2026-06-07T15:52:48.857Z
,,Berserk,SOA,Secrets of Strixhaven Mystical Archive,50,normal,mythic,1,112419,0fe6e7d3-7e33-4e6b-91c8-47fd4ba3cb5b,7.62,false,false,near_mint,de,EUR,2026-06-07T15:52:48.856Z
,,Choreographed Sparks,SOS,Secrets of Strixhaven,331,normal,rare,1,112676,bc3151db-7d49-4945-9c50-91f0e28f803d,0.29,false,false,near_mint,de,EUR,2026-06-07T15:52:48.855Z
,,Naktamun Lorespinner // Wheel of Fortune,SOC,Secrets of Strixhaven Commander,81,normal,rare,1,112274,f562fbca-9446-4074-bf00-faf581a18c72,2.26,false,false,near_mint,de,EUR,2026-06-07T15:52:48.854Z
,,Shared Roots,SOA,Secrets of Strixhaven Mystical Archive,58,foil,uncommon,1,112432,3aeb1fe1-3ff3-466c-9eda-b8747702734c,0.52,false,false,near_mint,de,EUR,2026-06-07T15:52:48.851Z
,,Stargaze,SOA,Secrets of Strixhaven Mystical Archive,34,normal,uncommon,1,112445,5c9caa7b-0268-4606-a71d-82dff16e6418,0.11,false,false,near_mint,de,EUR,2026-06-07T15:52:48.850Z
,,Lorehold Charm,SOS,Secrets of Strixhaven,200,foil,uncommon,1,111656,5fe70295-e550-4577-a341-dab6c25aabfd,0.34,false,false,near_mint,de,EUR,2026-06-07T15:52:48.849Z
,,Encouraging Aviator // Jump,SOS,Secrets of Strixhaven,46,foil,uncommon,1,112361,72654b84-9902-41db-92ab-a3499c31221c,0.08,false,false,near_mint,de,EUR,2026-06-07T15:52:48.848Z
,,Stand Up for Yourself,SOS,Secrets of Strixhaven,34,foil,uncommon,1,112384,b756ca13-b904-4510-9bbb-5bc2864abfbd,0.03,false,false,near_mint,de,EUR,2026-06-07T15:52:48.847Z
,,Pest Mascot,SOS,Secrets of Strixhaven,209,foil,common,1,111751,d882beb9-6766-4818-afbb-f6fd7a2d5b70,0.14,false,false,near_mint,de,EUR,2026-06-07T15:52:48.846Z
,,Visionary's Dance,SOS,Secrets of Strixhaven,242,foil,common,1,112638,846a0e79-a530-429e-8f7f-4b87f1b0156e,0.2,false,false,near_mint,de,EUR,2026-06-07T15:52:48.845Z
,,Last Gasp,SOS,Secrets of Strixhaven,86,foil,common,1,112698,da5f3729-6ec7-4482-90cb-83b973edeae4,0.09,false,false,near_mint,de,EUR,2026-06-07T15:52:48.844Z
,,Ancestral Anger,SOS,Secrets of Strixhaven,106,foil,common,1,112627,6c5a93d6-d4ab-4062-bb3c-1b5330bf15ad,0.14,false,false,near_mint,de,EUR,2026-06-07T15:52:48.843Z
,,Fix What's Broken,SOS,Secrets of Strixhaven,350,foil,rare,1,112418,0e91ece4-1e22-4b24-86c7-23d105df1abc,0.84,false,false,near_mint,de,EUR,2026-06-07T15:52:48.842Z
,,Awaken the Woods,SOA,Secrets of Strixhaven Mystical Archive,49,foil,mythic,1,112475,914e582c-978f-46fd-b06b-1ff2c20e5506,12.31,false,false,near_mint,de,EUR,2026-06-07T15:52:48.841Z
,,Postmortem Professor,SOS,Secrets of Strixhaven,327,normal,rare,1,112650,96fbf6dc-f9f9-4568-a1a3-c65b7a9b455b,0.41,false,false,near_mint,de,EUR,2026-06-07T15:52:48.840Z
,,Herald of Amity,SOC,Secrets of Strixhaven Commander,65,normal,rare,1,112224,340d2dc1-645e-4574-a5dd-1306833c744f,0.37,false,false,near_mint,de,EUR,2026-06-07T15:52:48.839Z
,,Joined Researchers // Secret Rendezvous,SOS,Secrets of Strixhaven,23,foil,rare,1,111690,1ebaafe0-3a9a-424c-8698-d26e7be45343,0.26,false,false,near_mint,de,EUR,2026-06-07T15:52:48.838Z
,,Return the Favor,SOA,Secrets of Strixhaven Mystical Archive,47,normal,uncommon,1,112535,e968efff-635b-4780-9bbe-099e75a1841b,0.23,false,false,near_mint,de,EUR,2026-06-07T15:52:48.835Z
,,Witherbloom Charm,SOS,Secrets of Strixhaven,244,foil,uncommon,1,111694,254437f7-7a8a-4b11-9cea-e8e7ea23c59e,0.55,false,false,near_mint,de,EUR,2026-06-07T15:52:48.834Z
,,Growth Curve,SOS,Secrets of Strixhaven,193,foil,uncommon,1,112325,1675a445-86ae-413b-b95a-a1c254a7f252,0.24,false,false,near_mint,de,EUR,2026-06-07T15:52:48.833Z
,,"Abigale, Poet Laureate // Heroic Stanza",SOS,Secrets of Strixhaven,170,foil,uncommon,1,111717,77285d12-e658-4eb3-ba13-ff202afab9c8,0.18,false,false,near_mint,de,EUR,2026-06-07T15:52:48.832Z
,,Zealous Lorecaster,SOS,Secrets of Strixhaven,137,foil,common,1,112590,36ab2130-9f21-4d30-873a-aa72d3d15fa8,0.06,false,false,near_mint,de,EUR,2026-06-07T15:52:48.831Z
,,Stone Docent,SOS,Secrets of Strixhaven,36,foil,common,1,112682,c2abfffb-bf36-44af-9a27-6e109e4d77dd,0.04,false,false,near_mint,de,EUR,2026-06-07T15:52:48.830Z
,,Tenured Concocter,SOS,Secrets of Strixhaven,163,foil,common,1,112592,376c8b7d-1c90-47e1-bd01-e4c67f3fc4fc,0.04,false,false,near_mint,de,EUR,2026-06-07T15:52:48.829Z
,,Fractal Mascot,SOS,Secrets of Strixhaven,189,foil,common,1,111745,cf5b19e3-eed1-4b36-9756-660ffb3baa08,0.09,false,false,near_mint,de,EUR,2026-06-07T15:52:48.828Z
,,Petrified Hamlet,SOS,Secrets of Strixhaven,259,foil,rare,1,112430,355dd460-b0e9-41f2-a058-b7f7e39ac387,1.25,false,false,near_mint,de,EUR,2026-06-07T15:52:48.827Z
,,Angel's Grace,SOA,Secrets of Strixhaven Mystical Archive,2,foil,rare,1,112701,de0f22af-fb85-4178-8a35-ec3ff031f4df,2.8,false,false,near_mint,de,EUR,2026-06-07T15:52:48.826Z
,,Great Hall of the Biblioplex,SOS,Secrets of Strixhaven,361,normal,rare,1,112258,a4344235-8598-4a3b-89fe-bd68372b3b2b,0.73,false,false,near_mint,de,EUR,2026-06-07T15:52:48.825Z
,,"Gorma, the Gullet",SOC,Secrets of Strixhaven Commander,3,normal,mythic,1,112005,86f97dd8-8647-4938-aee0-690bb715f88b,0.77,false,false,near_mint,de,EUR,2026-06-07T15:52:48.824Z
,,Slumbering Trudge,SOS,Secrets of Strixhaven,160,foil,rare,1,112335,3a925370-58ac-4181-9acc-db7b0e0abf17,0.53,false,false,near_mint,de,EUR,2026-06-07T15:52:48.823Z
,,End of the Hunt,SOS,Secrets of Strixhaven,81,foil,uncommon,1,112320,0809b51a-6a05-4f18-9bf4-1b8382da648f,0.26,false,false,near_mint,de,EUR,2026-06-07T15:52:48.819Z
,,Quandrix Charm,SOS,Secrets of Strixhaven,217,foil,uncommon,1,111696,318486e0-f255-40f5-8150-dc272eec9d7d,0.3,false,false,near_mint,de,EUR,2026-06-07T15:52:48.818Z
,,Environmental Scientist,SOS,Secrets of Strixhaven,147,foil,uncommon,1,112403,f2bf6b36-43e4-49d9-98b2-cbb4304c248b,0.15,false,false,near_mint,de,EUR,2026-06-07T15:52:48.817Z
,,Banishing Betrayal,SOS,Secrets of Strixhaven,38,foil,common,1,111688,1ae9d2f3-7a9f-433a-aa1f-14337ae6f9d4,0.15,false,false,near_mint,de,EUR,2026-06-07T15:52:48.816Z
,,Wilt in the Heat,SOS,Secrets of Strixhaven,243,foil,common,1,112715,f63f7209-fc0f-400c-8076-125f3131cb32,0.06,false,false,near_mint,de,EUR,2026-06-07T15:52:48.815Z
,,Hungry Graffalon,SOS,Secrets of Strixhaven,151,foil,common,1,112557,030b1272-5990-4bc9-8fc1-82cc05602060,0.09,false,false,near_mint,de,EUR,2026-06-07T15:52:48.814Z
,,Dig Site Inventory,SOS,Secrets of Strixhaven,10,foil,common,1,112707,e52464ee-df8b-41ec-af93-4b0eb004383e,0.13,false,false,near_mint,de,EUR,2026-06-07T15:52:48.813Z
,,Slumbering Trudge,SOS,Secrets of Strixhaven,341,foil,rare,1,112348,5c16cb0f-9e3f-4176-9939-f418cdf4e6fb,0.62,false,false,near_mint,de,EUR,2026-06-07T15:52:48.812Z
,,Glimpse of Nature,SOA,Secrets of Strixhaven Mystical Archive,53,foil,rare,1,112466,7cb6fd05-0bd9-4f2f-b159-280aba98d3a5,1.83,false,false,near_mint,ja,EUR,2026-06-07T15:52:48.811Z
,,Sundown Pass,SOS,Secrets of Strixhaven,305,normal,rare,1,111733,ac70c9ae-5115-46db-9ef8-05c475c88154,2.03,false,false,near_mint,de,EUR,2026-06-07T15:52:48.810Z
,,Turbulent Springs,SOC,Secrets of Strixhaven Commander,57,normal,rare,1,112059,a25cb813-aa6d-469c-aa29-61ffa32267f2,6.19,false,false,near_mint,de,EUR,2026-06-07T15:52:48.809Z
,,Erode,SOS,Secrets of Strixhaven,15,foil,rare,1,112288,32e670da-7563-4f6a-a7db-4c126a440eb8,9.24,false,false,near_mint,de,EUR,2026-06-07T15:52:48.808Z
,,Disdainful Stroke,SOA,Secrets of Strixhaven Mystical Archive,147,foil,uncommon,1,111814,cc5cf8b1-935c-4624-9ca8-635eee190dd7,5.85,false,false,near_mint,de,EUR,2026-06-07T15:52:48.806Z
,,Feed the Swarm,SOA,Secrets of Strixhaven Mystical Archive,159,foil,uncommon,1,112437,446a6f55-8b25-45ff-95e2-c8ab33484551,11.62,false,false,near_mint,ja,EUR,2026-06-07T15:52:48.805Z
,,Feed the Swarm,SOA,Secrets of Strixhaven Mystical Archive,94,normal,uncommon,1,112458,712c609e-5989-4e38-898f-83e0a913c977,0.93,false,false,near_mint,de,EUR,2026-06-07T15:52:48.804Z
,,Soaring Stoneglider,SOS,Secrets of Strixhaven,32,foil,uncommon,1,112584,2fbe446b-60fd-43da-8358-985392293af8,0.09,false,false,near_mint,de,EUR,2026-06-07T15:52:48.803Z
,,Foolish Fate,SOS,Secrets of Strixhaven,83,foil,uncommon,1,112693,d278f4c9-d20b-4a76-8c5c-4d3e985948b9,0.11,false,false,near_mint,de,EUR,2026-06-07T15:52:48.802Z
,,Garrison Excavator,SOS,Secrets of Strixhaven,116,foil,uncommon,1,112308,f11d2846-f181-4751-82ac-1e1ced6f46c7,0.11,false,false,near_mint,de,EUR,2026-06-07T15:52:48.801Z
,,Titan's Grave,SOS,Secrets of Strixhaven,266,foil,common,1,112068,a9ab41c8-3ee2-4676-9b8b-20c34d9f5f21,0.15,false,false,near_mint,de,EUR,2026-06-07T15:52:48.800Z
,,Embrace the Paradox,SOS,Secrets of Strixhaven,186,foil,common,1,112679,c0cf5e0f-3668-46f2-850d-d91a538e8ead,0.16,false,false,near_mint,de,EUR,2026-06-07T15:52:48.799Z
,,Landscape Painter // Vibrant Idea,SOS,Secrets of Strixhaven,56,foil,common,1,112264,c0bd30c4-3cdf-4eda-8be5-0fb5e5ddddbf,0.09,false,false,near_mint,de,EUR,2026-06-07T15:52:48.798Z
,,Potioner's Trove,SOS,Secrets of Strixhaven,251,foil,common,1,112570,2123b349-4649-4a15-a8b5-b54414d2b1b7,0.1,false,false,near_mint,de,EUR,2026-06-07T15:52:48.797Z
,,Reprieve,SOA,Secrets of Strixhaven Mystical Archive,9,normal,rare,1,111793,426038f3-f21e-43a5-bea8-0cfd8658c009,1.14,false,false,near_mint,ja,EUR,2026-06-07T15:52:48.794Z
,,Stirring Hopesinger,SOS,Secrets of Strixhaven,35,foil,rare,1,112425,21375667-b318-47f8-a482-9c8c2b5b14c0,0.64,false,false,near_mint,ja,EUR,2026-06-07T15:52:48.791Z
,,Duty Beyond Death,SOA,Secrets of Strixhaven Mystical Archive,69,normal,uncommon,1,111813,c841be3a-bcfe-4ce5-9580-26b56a675df7,0.38,false,false,near_mint,ja,EUR,2026-06-07T15:52:48.789Z
,,Matterbending Mage,SOS,Secrets of Strixhaven,59,foil,uncommon,1,112606,460c6afd-cddf-4fea-925f-b27517ff250a,0.07,false,false,near_mint,de,EUR,2026-06-07T15:52:48.786Z
,,Pestbrood Sloth,SOS,Secrets of Strixhaven,157,foil,uncommon,1,112680,c1251ae6-2f19-4f84-ab02-6a6cc7ce6056,0.19,false,false,near_mint,de,EUR,2026-06-07T15:52:48.785Z
,,Stirring Honormancer,SOS,Secrets of Strixhaven,234,foil,uncommon,1,112709,ee84b04d-78fc-416f-9166-72e5417c3e17,0.04,false,false,near_mint,de,EUR,2026-06-07T15:52:48.784Z
,,Rehearsed Debater,SOS,Secrets of Strixhaven,29,foil,common,1,112724,fc6a1425-6733-42a2-94d9-605966398092,0.03,false,false,near_mint,de,EUR,2026-06-07T15:52:48.783Z
,,Textbook Tabulator,SOS,Secrets of Strixhaven,70,foil,common,1,112615,56f54fee-b48d-4582-8982-ca4c7b8ef553,0.03,false,false,near_mint,de,EUR,2026-06-07T15:52:48.782Z
,,Masterful Flourish,SOS,Secrets of Strixhaven,89,foil,common,1,112643,8d93d14d-7760-4af2-a237-2df326dd28d3,0.07,false,false,near_mint,de,EUR,2026-06-07T15:52:48.781Z
,,Rubble Rouser,SOS,Secrets of Strixhaven,128,foil,common,1,112664,afe61957-a9bb-42b0-98e8-b5fa418cbaff,0.15,false,false,near_mint,de,EUR,2026-06-07T15:52:48.780Z
,,Wildgrowth Archaic,SOS,Secrets of Strixhaven,297,foil,rare,1,112519,d1861bc6-93d5-4b09-a5dd-94c0a0629e5f,1.22,false,false,near_mint,de,EUR,2026-06-07T15:52:48.778Z
,,Culling the Weak,SOA,Secrets of Strixhaven Mystical Archive,92,normal,rare,1,112492,a4db7d4c-eb99-41e3-bdf1-4ecd4b877f07,8.99,false,false,near_mint,ja,EUR,2026-06-07T15:52:48.777Z
,,Petrified Hamlet,SOS,Secrets of Strixhaven,259,normal,rare,1,112430,355dd460-b0e9-41f2-a058-b7f7e39ac387,1.22,false,false,near_mint,de,EUR,2026-06-07T15:52:48.776Z
,,Coastal Peak,SOC,Secrets of Strixhaven Commander,52,normal,rare,1,112065,a8af6ded-de96-4095-8a5b-9f1c79adea1a,0.55,false,false,near_mint,de,EUR,2026-06-07T15:52:48.775Z
,,Stormcarved Coast,SOS,Secrets of Strixhaven,263,foil,rare,1,111738,bd3ae4fa-4c97-410a-8c0a-bd203342595d,1.3,false,false,near_mint,de,EUR,2026-06-07T15:52:48.774Z
,,Stargaze,SOA,Secrets of Strixhaven Mystical Archive,99,normal,uncommon,1,112500,b62a8648-7f34-454d-b9e2-cc0d0d976c82,0.33,false,false,near_mint,ja,EUR,2026-06-07T15:52:48.771Z
,,Divergent Equation,SOS,Secrets of Strixhaven,43,foil,uncommon,1,112327,26295e25-f1bf-4665-ba00-dad35c49bbc2,0.24,false,false,near_mint,de,EUR,2026-06-07T15:52:48.770Z
,,Diary of Dreams,SOS,Secrets of Strixhaven,248,foil,uncommon,1,111763,ee1e0a96-af80-444e-a456-5b256cf60625,0.23,false,false,near_mint,de,EUR,2026-06-07T15:52:48.769Z
,,Forum Necroscribe,SOS,Secrets of Strixhaven,84,foil,uncommon,1,112624,67504a12-7414-4209-bf1c-624b4db19d52,0.18,false,false,near_mint,de,EUR,2026-06-07T15:52:48.768Z
,,Spectacle Summit,SOS,Secrets of Strixhaven,262,foil,common,1,112055,a0a66f7b-eab4-45da-8895-c2c2c7eb05f8,0.08,false,false,near_mint,de,EUR,2026-06-07T15:52:48.767Z
,,Sneering Shadewriter,SOS,Secrets of Strixhaven,101,foil,common,1,112608,4b4c120e-abe9-4f11-a7e4-bc3f723da4b2,0.05,false,false,near_mint,de,EUR,2026-06-07T15:52:48.766Z
,,Shattered Acolyte,SOS,Secrets of Strixhaven,31,foil,common,1,111659,dc0517ca-b271-49a1-a286-c20f4e5b9309,0.15,false,false,near_mint,de,EUR,2026-06-07T15:52:48.765Z
,,Pursue the Past,SOS,Secrets of Strixhaven,216,foil,common,1,112605,4584d5f7-b1f1-4c8e-80c5-ad35e44a968e,0.3,false,false,near_mint,de,EUR,2026-06-07T15:52:48.764Z
,,Repel Calamity,SOA,Secrets of Strixhaven Mystical Archive,8,normal,uncommon,2,112424,1c2cf02f-97f3-47f0-9382-c580f3033635,0.11,false,false,near_mint,de,EUR,2026-06-07T15:52:48.836Z
,,Plains,SOS,Secrets of Strixhaven,267,normal,common,2,111731,a845de50-4af0-4f4a-9c2a-db587973571c,0.65,false,false,near_mint,de,EUR,2026-06-07T15:52:48.837Z
